Unnamed: 0,image,classes,brand,model,action,repair_cost
0,image/0.jpeg,unknown,Honda,CR-V,none,45
1,image/1.jpeg,head_lamp,Ford,Focus,repair,257
2,image/2.jpeg,door_scratch,Nissan,Altima,repair,378
3,image/3.jpeg,head_lamp,Nissan,Sentra,replace,740
4,image/4.jpeg,unknown,Nissan,Sentra,none,43
5,image/5.jpeg,unknown,Nissan,Altima,none,38
6,image/6.jpeg,glass_shatter,Ford,Escape,replace,486
7,image/7.jpeg,unknown,BMW,3 Series,none,12
8,image/8.jpeg,tail_lamp,Toyota,"Camry, RAV4",repair,256
9,image/9.jpeg,bumper_dent,Honda,CR-V,repair,178
10,image/10.jpeg,door_scratch,Nissan,Sentra,repair,172
11,image/11.jpeg,bumper_dent,Nissan,Altima,repair,68
12,image/12.jpeg,door_dent,Hyundai,Sonata,repair,129
13,image/13.jpeg,door_dent,Honda,Accord,repair,166
14,image/14.jpeg,glass_shatter,Honda,Accord,replace,327
15,image/15.jpeg,unknown,Hyundai,Tucson,none,46
16,image/16.jpeg,head_lamp,Toyota,Corolla,repair,279
17,image/17.jpeg,bumper_dent,Ford,Focus,repair,166
18,image/18.jpeg,glass_shatter,Ford,Fusion,replace,667
19,image/19.jpeg,unknown,Honda,Civic,none,21
20,image/20.jpeg,door_dent,BMW,5 Series,repair,55
21,image/21.jpeg,head_lamp,Nissan,Sentra,replace,393
22,image/22.jpeg,door_dent,BMW,X5,repair,138
23,image/23.jpeg,tail_lamp,Toyota,"Camry, RAV4",replace,557
24,image/24.jpeg,door_dent,Honda,CR-V,repair,185
25,image/25.jpeg,unknown,Mercedes,C-Class,none,22
26,image/26.jpeg,glass_shatter,Toyota,"Camry, RAV4",repair,517
27,image/27.jpeg,bumper_scratch,Mercedes,GLC,repair,79
28,image/28.jpeg,unknown,Ford,Focus,none,36
29,image/29.jpeg,door_scratch,Mercedes,E-Class,repair,112
30,image/30.jpeg,tail_lamp,BMW,3 Series,repair,313
31,image/31.jpeg,unknown,Honda,Accord,none,31
32,image/32.jpeg,door_scratch,Nissan,Sentra,repair,240
33,image/33.jpeg,unknown,Toyota,"Camry, RAV4",none,0
34,image/34.jpeg,tail_lamp,Toyota,"Camry, RAV4",repair,300
35,image/35.jpeg,unknown,Toyota,"Camry, RAV4",none,29
36,image/36.jpeg,head_lamp,Nissan,Rogue,replace,424
37,image/37.jpeg,unknown,Hyundai,Sonata,none,40
38,image/38.jpeg,unknown,Ford,Fusion,none,17
39,image/39.jpeg,door_dent,Ford,Fusion,repair,128
40,image/40.jpeg,unknown,Nissan,Sentra,none,36
41,image/41.jpeg,bumper_dent,Toyota,"Camry, RAV4",repair,132
42,image/42.jpeg,door_scratch,Mercedes,E-Class,repair,263
43,image/43.jpeg,unknown,Ford,Focus,none,47
44,image/44.jpeg,door_scratch,Ford,Fusion,repair,163
45,image/45.jpeg,door_dent,Toyota,"Camry, RAV4",repair,88
46,image/46.jpeg,bumper_dent,Ford,Fusion,repair,150
47,image/47.jpeg,glass_shatter,Ford,Escape,repair,597
48,image/48.jpeg,unknown,BMW,X5,none,6
49,image/49.jpeg,bumper_dent,Hyundai,Sonata,repair,61
50,image/50.jpeg,door_dent,Toyota,Corolla,repair,198
51,image/51.jpeg,door_scratch,Hyundai,Elantra,repair,204
52,image/52.jpeg,tail_lamp,Ford,Fusion,repair,320
53,image/53.jpeg,unknown,Hyundai,Sonata,none,17
54,image/54.jpeg,unknown,Honda,Accord,none,28
55,image/55.jpeg,door_dent,Toyota,Corolla,repair,156
56,image/56.jpeg,bumper_scratch,Nissan,Altima,repair,77
57,image/57.jpeg,unknown,Toyota,Corolla,none,6
58,image/58.jpeg,door_dent,Toyota,Corolla,repair,69
59,image/59.jpeg,unknown,Ford,Escape,none,24
60,image/60.jpeg,door_dent,Mercedes,E-Class,repair,133
61,image/61.jpeg,unknown,Toyota,Corolla,none,1
62,image/62.jpeg,unknown,Hyundai,Tucson,none,15
63,image/63.jpeg,door_scratch,Toyota,"Camry, RAV4",repair,323
64,image/64.jpeg,tail_lamp,Hyundai,Tucson,repair,271
65,image/65.jpeg,tail_lamp,Mercedes,GLC,repair,129
66,image/66.jpeg,glass_shatter,Hyundai,Elantra,repair,412
67,image/67.jpeg,glass_shatter,Toyota,Corolla,repair,379
68,image/68.jpeg,glass_shatter,Honda,Civic,replace,853
69,image/69.jpeg,unknown,Honda,Civic,none,40
70,image/70.jpeg,door_dent,Honda,Civic,repair,167
71,image/71.jpeg,unknown,Hyundai,Tucson,none,31
72,image/72.jpeg,head_lamp,Ford,Focus,replace,406
73,image/73.jpeg,unknown,Honda,CR-V,none,33
74,image/74.jpeg,unknown,Honda,Civic,none,12
75,image/75.jpeg,unknown,Nissan,Sentra,none,25
76,image/76.jpeg,unknown,Toyota,Corolla,none,1
77,image/77.jpeg,glass_shatter,Hyundai,Elantra,replace,663
78,image/78.jpeg,door_dent,Toyota,"Camry, RAV4",repair,89
79,image/79.jpeg,unknown,Honda,CR-V,none,21
80,image/80.jpeg,unknown,Ford,Focus,none,12
81,image/81.jpeg,unknown,Ford,Focus,none,15
82,image/82.jpeg,unknown,Toyota,"Camry, RAV4",none,31
83,image/83.jpeg,bumper_dent,Nissan,Sentra,repair,64
84,image/84.jpeg,unknown,Toyota,Corolla,none,24
85,image/85.jpeg,glass_shatter,Ford,Focus,replace,577
86,image/86.jpeg,bumper_dent,Toyota,"Camry, RAV4",repair,116
87,image/87.jpeg,bumper_dent,Toyota,Corolla,repair,139
88,image/88.jpeg,door_dent,Hyundai,Sonata,repair,74
89,image/89.jpeg,door_scratch,Nissan,Rogue,repair,205
90,image/90.jpeg,bumper_scratch,Honda,Civic,repair,100
91,image/91.jpeg,unknown,Toyota,Corolla,none,3
92,image/92.jpeg,bumper_dent,Mercedes,GLC,repair,104
93,image/93.jpeg,door_dent,Ford,Focus,repair,50
94,image/94.jpeg,unknown,Honda,Accord,none,47
95,image/95.jpeg,tail_lamp,Nissan,Rogue,replace,255
96,image/96.jpeg,unknown,Honda,Civic,none,18
97,image/97.jpeg,head_lamp,Ford,Escape,replace,683
98,image/98.jpeg,door_scratch,Toyota,"Camry, RAV4",repair,158
99,image/99.jpeg,unknown,BMW,5 Series,none,10
100,image/100.jpeg,door_dent,Nissan,Sentra,repair,112
101,image/101.jpeg,unknown,Hyundai,Sonata,none,10
102,image/102.jpeg,bumper_scratch,Nissan,Altima,repair,144
103,image/103.jpeg,bumper_dent,Hyundai,Sonata,repair,75
104,image/104.jpeg,unknown,Toyota,"Camry, RAV4",none,7
105,image/105.jpeg,door_scratch,Ford,Escape,repair,223
106,image/106.jpeg,door_scratch,Ford,Escape,repair,266
107,image/107.jpeg,unknown,BMW,X5,none,15
108,image/108.jpeg,glass_shatter,Hyundai,Elantra,replace,376
109,image/109.jpeg,glass_shatter,Nissan,Sentra,replace,357
110,image/110.jpeg,bumper_dent,Hyundai,Sonata,repair,91
111,image/111.jpeg,bumper_dent,Honda,CR-V,repair,199
112,image/112.jpeg,door_scratch,Mercedes,GLC,repair,295
113,image/113.jpeg,unknown,Nissan,Rogue,none,27
114,image/114.jpeg,unknown,Honda,Accord,none,30
115,image/115.jpeg,door_scratch,Toyota,Corolla,repair,226
116,image/116.jpeg,unknown,Honda,CR-V,none,35
117,image/117.jpeg,head_lamp,Hyundai,Sonata,replace,554
118,image/118.jpeg,unknown,Honda,Accord,none,37
119,image/119.jpeg,unknown,Honda,CR-V,none,23
120,image/120.jpeg,unknown,Ford,Focus,none,24
121,image/121.jpeg,tail_lamp,Honda,CR-V,replace,385
122,image/122.jpeg,door_dent,Hyundai,Sonata,repair,53
123,image/123.jpeg,unknown,Ford,Fusion,none,39
124,image/124.jpeg,door_scratch,BMW,X5,repair,275
125,image/125.jpeg,door_scratch,Honda,Accord,repair,196
126,image/126.jpeg,unknown,Ford,Fusion,none,37
127,image/127.jpeg,unknown,Toyota,"Camry, RAV4",none,19
128,image/128.jpeg,unknown,Mercedes,E-Class,none,15
129,image/129.jpeg,tail_lamp,Hyundai,Sonata,repair,329
130,image/130.jpeg,unknown,Toyota,Corolla,none,10
131,image/131.jpeg,unknown,Nissan,Altima,none,18
132,image/132.jpeg,unknown,Nissan,Rogue,none,5
133,image/133.jpeg,bumper_dent,Nissan,Altima,repair,93
134,image/134.jpeg,unknown,Toyota,Corolla,none,7
135,image/135.jpeg,door_scratch,Hyundai,Tucson,repair,398
136,image/136.jpeg,door_dent,Hyundai,Sonata,repair,158
137,image/137.jpeg,bumper_scratch,Honda,Civic,repair,101
138,image/138.jpeg,unknown,Nissan,Sentra,none,1
139,image/139.jpeg,door_scratch,Toyota,Corolla,repair,372
140,image/140.jpeg,bumper_scratch,Hyundai,Elantra,repair,108
141,image/141.jpeg,glass_shatter,Toyota,Corolla,replace,1011
142,image/142.jpeg,unknown,Mercedes,C-Class,none,9
143,image/143.jpeg,head_lamp,Toyota,"Camry, RAV4",repair,260
144,image/144.jpeg,head_lamp,Hyundai,Tucson,repair,291
145,image/145.jpeg,door_dent,Honda,Civic,repair,190
146,image/146.jpeg,door_scratch,Honda,CR-V,repair,199
147,image/147.jpeg,door_scratch,Honda,Civic,repair,306
148,image/148.jpeg,tail_lamp,Toyota,Corolla,repair,192
149,image/149.jpeg,unknown,BMW,X5,none,41
150,image/150.jpeg,head_lamp,Ford,Focus,repair,363
151,image/151.jpeg,door_dent,Nissan,Altima,repair,110
152,image/152.jpeg,glass_shatter,Honda,Accord,replace,779
153,image/153.jpeg,bumper_dent,Honda,Civic,repair,147
154,image/154.jpeg,unknown,Toyota,Corolla,none,38
155,image/155.jpeg,unknown,Honda,Civic,none,28
156,image/156.jpeg,glass_shatter,Toyota,Corolla,repair,325
157,image/157.jpeg,unknown,Toyota,Corolla,none,35
158,image/158.jpeg,door_dent,Hyundai,Elantra,repair,72
159,image/159.jpeg,bumper_dent,Mercedes,C-Class,repair,70
160,image/160.jpeg,unknown,Hyundai,Elantra,none,47
161,image/161.jpeg,tail_lamp,Ford,Focus,replace,208
162,image/162.jpeg,unknown,Hyundai,Sonata,none,5
163,image/163.jpeg,head_lamp,BMW,5 Series,repair,259
164,image/164.jpeg,bumper_dent,Hyundai,Tucson,repair,55
165,image/165.jpeg,glass_shatter,Hyundai,Sonata,replace,581
166,image/166.jpeg,door_dent,Nissan,Rogue,repair,182
167,image/167.jpeg,unknown,BMW,5 Series,none,8
168,image/168.jpeg,unknown,Honda,Accord,none,13
169,image/169.jpeg,door_scratch,BMW,3 Series,repair,234
170,image/170.jpeg,unknown,Hyundai,Elantra,none,17
171,image/171.jpeg,tail_lamp,Honda,CR-V,replace,544
172,image/172.jpeg,bumper_scratch,Ford,Fusion,repair,177
173,image/173.jpeg,door_scratch,Mercedes,E-Class,repair,257
174,image/174.jpeg,door_scratch,Nissan,Altima,repair,198
175,image/175.jpeg,bumper_scratch,Ford,Focus,repair,197
176,image/176.jpeg,unknown,Honda,Civic,none,20
177,image/177.jpeg,unknown,Toyota,Corolla,none,29
178,image/178.jpeg,glass_shatter,Hyundai,Sonata,replace,859
179,image/179.jpeg,tail_lamp,Hyundai,Tucson,repair,184
180,image/180.jpeg,unknown,Hyundai,Tucson,none,33
181,image/181.jpeg,door_scratch,Honda,CR-V,repair,116
182,image/182.jpeg,unknown,Toyota,Corolla,none,41
183,image/183.jpeg,bumper_dent,Toyota,"Camry, RAV4",repair,67
184,image/184.jpeg,tail_lamp,Hyundai,Elantra,replace,524
185,image/185.jpeg,glass_shatter,Honda,CR-V,replace,717
186,image/186.jpeg,head_lamp,Toyota,Corolla,replace,728
187,image/187.jpeg,glass_shatter,BMW,X5,repair,263
188,image/188.jpeg,door_scratch,Honda,CR-V,repair,151
189,image/189.jpeg,tail_lamp,Honda,Accord,repair,179
190,image/190.jpeg,unknown,Toyota,"Camry, RAV4",none,26
191,image/191.jpeg,unknown,Hyundai,Tucson,none,44
192,image/192.jpeg,door_dent,Hyundai,Tucson,repair,52
193,image/193.jpeg,door_dent,Toyota,"Camry, RAV4",repair,142
194,image/194.jpeg,door_dent,Ford,Fusion,repair,138
195,image/195.jpeg,glass_shatter,Toyota,Corolla,repair,447
196,image/196.jpeg,glass_shatter,Toyota,"Camry, RAV4",replace,716
197,image/197.jpeg,door_scratch,Honda,CR-V,repair,243
198,image/198.jpeg,unknown,Hyundai,Sonata,none,22
199,image/199.jpeg,unknown,Toyota,Corolla,none,36
200,image/200.jpeg,door_dent,BMW,3 Series,repair,52
201,image/201.jpeg,door_dent,Honda,Accord,repair,120
202,image/202.jpeg,tail_lamp,Hyundai,Sonata,replace,281
203,image/203.jpeg,door_dent,Ford,Escape,repair,86
204,image/204.jpeg,door_dent,Nissan,Altima,repair,89
205,image/205.jpeg,unknown,Ford,Escape,none,39
206,image/206.jpeg,head_lamp,Toyota,"Camry, RAV4",repair,206
207,image/207.jpeg,bumper_scratch,Honda,Civic,repair,184
208,image/208.jpeg,tail_lamp,Ford,Escape,replace,311
209,image/209.jpeg,bumper_dent,Hyundai,Elantra,repair,106
210,image/210.jpeg,glass_shatter,BMW,3 Series,repair,442
211,image/211.jpeg,unknown,Honda,CR-V,none,13
212,image/212.jpeg,head_lamp,Mercedes,GLC,replace,722
213,image/213.jpeg,door_dent,Toyota,"Camry, RAV4",repair,77
214,image/214.jpeg,bumper_dent,Nissan,Sentra,repair,150
215,image/215.jpeg,unknown,Nissan,Altima,none,41
216,image/216.jpeg,unknown,Toyota,Corolla,none,48
217,image/217.jpeg,door_dent,Ford,Fusion,repair,74
218,image/218.jpeg,door_scratch,Nissan,Altima,repair,389
219,image/219.jpeg,door_scratch,Hyundai,Sonata,repair,139
220,image/220.jpeg,glass_shatter,Hyundai,Elantra,repair,339
221,image/221.jpeg,head_lamp,Honda,CR-V,replace,465
222,image/222.jpeg,bumper_dent,Ford,Escape,repair,145
223,image/223.jpeg,bumper_scratch,Nissan,Altima,repair,82
224,image/224.jpeg,unknown,Ford,Focus,none,18
225,image/225.jpeg,unknown,Hyundai,Elantra,none,11
226,image/226.jpeg,glass_shatter,Honda,Accord,replace,527
227,image/227.jpeg,unknown,Toyota,"Camry, RAV4",none,27
228,image/228.jpeg,unknown,Nissan,Sentra,none,32
229,image/229.jpeg,unknown,Mercedes,C-Class,none,41
230,image/230.jpeg,unknown,Honda,Civic,none,40
231,image/231.jpeg,unknown,BMW,X5,none,32
232,image/232.jpeg,bumper_scratch,Hyundai,Tucson,repair,117
233,image/233.jpeg,door_dent,Honda,Civic,repair,155
234,image/234.jpeg,bumper_dent,Nissan,Sentra,repair,108
235,image/235.jpeg,door_scratch,Ford,Focus,repair,313
236,image/236.jpeg,tail_lamp,BMW,5 Series,repair,199
237,image/237.jpeg,glass_shatter,BMW,5 Series,replace,973
238,image/238.jpeg,unknown,Honda,Accord,none,20
239,image/239.jpeg,door_dent,Hyundai,Elantra,repair,62
240,image/240.jpeg,unknown,Honda,CR-V,none,38
241,image/241.jpeg,unknown,Ford,Focus,none,16
242,image/242.jpeg,unknown,Hyundai,Tucson,none,44
243,image/243.jpeg,unknown,Ford,Escape,none,35
244,image/244.jpeg,bumper_scratch,Honda,Accord,repair,54
245,image/245.jpeg,glass_shatter,Mercedes,E-Class,replace,601
246,image/246.jpeg,unknown,Ford,Escape,none,8
247,image/247.jpeg,tail_lamp,Honda,Civic,repair,266
248,image/248.jpeg,bumper_dent,Toyota,Corolla,repair,130
249,image/249.jpeg,tail_lamp,Nissan,Altima,replace,441
250,image/250.jpeg,unknown,BMW,3 Series,none,3
251,image/251.jpeg,unknown,Honda,CR-V,none,11
252,image/252.jpeg,unknown,Honda,Accord,none,48
253,image/253.jpeg,glass_shatter,Honda,Civic,replace,740
254,image/254.jpeg,unknown,Mercedes,C-Class,none,3
255,image/255.jpeg,unknown,Ford,Fusion,none,31
256,image/256.jpeg,glass_shatter,Toyota,Corolla,replace,758
257,image/257.jpeg,unknown,Honda,CR-V,none,15
258,image/258.jpeg,unknown,Hyundai,Elantra,none,34
259,image/259.jpeg,door_dent,Toyota,Corolla,repair,167
260,image/260.jpeg,bumper_scratch,Hyundai,Elantra,repair,164
261,image/261.jpeg,door_dent,Honda,Accord,repair,87
262,image/262.jpeg,unknown,Hyundai,Tucson,none,9
263,image/263.jpeg,bumper_scratch,Mercedes,E-Class,repair,127
264,image/264.jpeg,unknown,Nissan,Rogue,none,9
265,image/265.jpeg,unknown,Hyundai,Elantra,none,47
266,image/266.jpeg,head_lamp,Nissan,Sentra,replace,522
267,image/267.jpeg,bumper_scratch,Honda,CR-V,repair,107
268,image/268.jpeg,unknown,Honda,CR-V,none,3
269,image/269.jpeg,unknown,Nissan,Sentra,none,43
270,image/270.jpeg,unknown,Honda,Civic,none,23
271,image/271.jpeg,unknown,Toyota,Corolla,none,6
272,image/272.jpeg,unknown,Nissan,Altima,none,1
273,image/273.jpeg,unknown,Honda,CR-V,none,32
274,image/274.jpeg,tail_lamp,Toyota,"Camry, RAV4",replace,217
275,image/275.jpeg,head_lamp,Honda,CR-V,repair,425
276,image/276.jpeg,door_scratch,Honda,CR-V,repair,124
277,image/277.jpeg,door_dent,Honda,Civic,repair,141
278,image/278.jpeg,unknown,Honda,CR-V,none,9
279,image/279.jpeg,head_lamp,Toyota,Corolla,repair,404
280,image/280.jpeg,door_dent,Toyota,"Camry, RAV4",repair,179
281,image/281.jpeg,door_dent,Honda,CR-V,repair,75
282,image/282.jpeg,head_lamp,BMW,3 Series,repair,243
283,image/283.jpeg,head_lamp,Hyundai,Elantra,replace,607
284,image/284.jpeg,glass_shatter,Honda,Accord,replace,937
285,image/285.jpeg,tail_lamp,Ford,Focus,replace,170
286,image/286.jpeg,glass_shatter,Toyota,Corolla,replace,508
287,image/287.jpeg,unknown,Hyundai,Elantra,none,14
288,image/288.jpeg,bumper_dent,Honda,Civic,repair,153
289,image/289.jpeg,door_scratch,Hyundai,Tucson,repair,125
290,image/290.jpeg,glass_shatter,Ford,Fusion,replace,1037
291,image/291.jpeg,unknown,Toyota,"Camry, RAV4",none,43
292,image/292.jpeg,bumper_scratch,Nissan,Sentra,repair,168
293,image/293.jpeg,unknown,Honda,CR-V,none,27
294,image/294.jpeg,unknown,BMW,5 Series,none,31
295,image/295.jpeg,bumper_scratch,Toyota,Corolla,repair,113
296,image/296.jpeg,bumper_scratch,Honda,Civic,repair,180
297,image/297.jpeg,unknown,Honda,Accord,none,3
298,image/298.jpeg,unknown,Hyundai,Tucson,none,9
299,image/299.jpeg,tail_lamp,Ford,Fusion,repair,256
300,image/300.jpeg,unknown,BMW,3 Series,none,6
301,image/301.jpeg,door_dent,Hyundai,Sonata,repair,78
302,image/302.jpeg,door_dent,Honda,Civic,repair,112
303,image/303.jpeg,door_dent,Mercedes,GLC,repair,101
304,image/304.jpeg,door_scratch,Hyundai,Elantra,repair,239
305,image/305.jpeg,glass_shatter,Honda,Civic,repair,290
306,image/306.jpeg,bumper_scratch,BMW,5 Series,repair,69
307,image/307.jpeg,bumper_dent,Hyundai,Sonata,repair,59
308,image/308.jpeg,bumper_dent,Toyota,Corolla,repair,107
309,image/309.jpeg,unknown,Mercedes,C-Class,none,24
310,image/310.jpeg,tail_lamp,Nissan,Sentra,replace,313
311,image/311.jpeg,door_scratch,BMW,5 Series,repair,353
312,image/312.jpeg,unknown,Honda,Civic,none,38
313,image/313.jpeg,unknown,BMW,X5,none,28
314,image/314.jpeg,head_lamp,Nissan,Sentra,replace,447
315,image/315.jpeg,unknown,Nissan,Rogue,none,42
316,image/316.jpeg,door_dent,Mercedes,C-Class,repair,78
317,image/317.jpeg,door_scratch,Ford,Fusion,repair,282
318,image/318.jpeg,head_lamp,Nissan,Altima,repair,266
319,image/319.jpeg,tail_lamp,Honda,Civic,replace,418
320,image/320.jpeg,door_dent,BMW,5 Series,repair,196
321,image/321.jpeg,head_lamp,Honda,CR-V,replace,661
322,image/322.jpeg,unknown,Nissan,Sentra,none,48
323,image/323.jpeg,door_dent,Ford,Fusion,repair,78
324,image/324.jpeg,bumper_dent,Toyota,Corolla,repair,144
325,image/325.jpeg,tail_lamp,Hyundai,Elantra,replace,206
326,image/326.jpeg,unknown,Toyota,Corolla,none,36
327,image/327.jpeg,bumper_scratch,Hyundai,Sonata,repair,108
328,image/328.jpeg,unknown,Toyota,"Camry, RAV4",none,46
329,image/329.jpeg,door_scratch,Honda,CR-V,repair,251
330,image/330.jpeg,unknown,Hyundai,Sonata,none,15
331,image/331.jpeg,unknown,Hyundai,Elantra,none,9
332,image/332.jpeg,door_dent,Ford,Focus,repair,56
333,image/333.jpeg,unknown,Mercedes,E-Class,none,46
334,image/334.jpeg,door_dent,Hyundai,Elantra,repair,60
335,image/335.jpeg,head_lamp,Mercedes,E-Class,repair,413
336,image/336.jpeg,unknown,Honda,CR-V,none,13
337,image/337.jpeg,unknown,Nissan,Rogue,none,19
338,image/338.jpeg,door_scratch,Honda,CR-V,repair,108
339,image/339.jpeg,unknown,Hyundai,Tucson,none,18
340,image/340.jpeg,bumper_scratch,Toyota,"Camry, RAV4",repair,197
341,image/341.jpeg,door_scratch,Toyota,"Camry, RAV4",repair,175
342,image/342.jpeg,unknown,Hyundai,Sonata,none,1
343,image/343.jpeg,unknown,BMW,3 Series,none,13
344,image/344.jpeg,unknown,Nissan,Rogue,none,16
345,image/345.jpeg,unknown,Toyota,Corolla,none,30
346,image/346.jpeg,bumper_dent,Honda,Accord,repair,199
347,image/347.jpeg,door_scratch,Toyota,Corolla,repair,262
348,image/348.jpeg,unknown,Hyundai,Sonata,none,33
349,image/349.jpeg,unknown,Toyota,Corolla,none,10
350,image/350.jpeg,glass_shatter,Mercedes,E-Class,repair,208
351,image/351.jpeg,head_lamp,Honda,Civic,repair,265
352,image/352.jpeg,unknown,Hyundai,Sonata,none,37
353,image/353.jpeg,head_lamp,Toyota,Corolla,repair,416
354,image/354.jpeg,door_dent,Ford,Fusion,repair,55
355,image/355.jpeg,unknown,Honda,Accord,none,32
356,image/356.jpeg,unknown,Hyundai,Sonata,none,38
357,image/357.jpeg,unknown,Honda,Accord,none,46
358,image/358.jpeg,door_dent,Honda,CR-V,repair,129
359,image/359.jpeg,bumper_dent,Toyota,Corolla,repair,63
360,image/360.jpeg,door_dent,Toyota,Corolla,repair,112
361,image/361.jpeg,bumper_dent,Toyota,Corolla,repair,154
362,image/362.jpeg,unknown,Toyota,"Camry, RAV4",none,23
363,image/363.jpeg,glass_shatter,Honda,Civic,repair,547
364,image/364.jpeg,head_lamp,Hyundai,Sonata,repair,284
365,image/365.jpeg,unknown,Honda,Accord,none,8
366,image/366.jpeg,unknown,Nissan,Sentra,none,16
367,image/367.jpeg,bumper_dent,Honda,Accord,repair,54
368,image/368.jpeg,bumper_dent,BMW,5 Series,repair,124
369,image/369.jpeg,bumper_dent,Hyundai,Sonata,repair,68
370,image/370.jpeg,unknown,Toyota,"Camry, RAV4",none,28
371,image/371.jpeg,unknown,Toyota,Corolla,none,33
372,image/372.jpeg,head_lamp,Toyota,"Camry, RAV4",replace,551
373,image/373.jpeg,glass_shatter,Honda,CR-V,repair,326
374,image/374.jpeg,head_lamp,Hyundai,Sonata,replace,596
375,image/375.jpeg,door_scratch,Hyundai,Elantra,repair,123
376,image/376.jpeg,head_lamp,Ford,Focus,replace,657
377,image/377.jpeg,glass_shatter,Hyundai,Elantra,repair,340
378,image/378.jpeg,glass_shatter,Mercedes,GLC,repair,474
379,image/379.jpeg,head_lamp,Nissan,Rogue,repair,430
380,image/380.jpeg,unknown,Nissan,Sentra,none,40
381,image/381.jpeg,unknown,Toyota,"Camry, RAV4",none,43
382,image/382.jpeg,unknown,Ford,Focus,none,41
383,image/383.jpeg,unknown,Ford,Escape,none,16
384,image/384.jpeg,unknown,Mercedes,E-Class,none,41
385,image/385.jpeg,glass_shatter,Nissan,Rogue,repair,366
386,image/386.jpeg,head_lamp,Toyota,Corolla,repair,299
387,image/387.jpeg,tail_lamp,Ford,Fusion,repair,287
388,image/388.jpeg,head_lamp,Toyota,Corolla,replace,417
389,image/389.jpeg,bumper_dent,Hyundai,Tucson,repair,167
390,image/390.jpeg,door_scratch,Hyundai,Tucson,repair,235
391,image/391.jpeg,unknown,Nissan,Altima,none,20
392,image/392.jpeg,bumper_dent,Ford,Fusion,repair,132
393,image/393.jpeg,bumper_scratch,Honda,Civic,repair,175
394,image/394.jpeg,unknown,Toyota,Corolla,none,15
395,image/395.jpeg,unknown,BMW,5 Series,none,4
396,image/396.jpeg,door_dent,BMW,X5,repair,182
397,image/397.jpeg,bumper_dent,Nissan,Altima,repair,196
398,image/398.jpeg,unknown,Hyundai,Elantra,none,23
399,image/399.jpeg,unknown,Toyota,Corolla,none,33
400,image/400.jpeg,unknown,Nissan,Sentra,none,33
401,image/401.jpeg,head_lamp,Toyota,Corolla,replace,615
402,image/402.jpeg,unknown,Ford,Focus,none,35
403,image/403.jpeg,unknown,Honda,Civic,none,25
404,image/404.jpeg,unknown,Mercedes,GLC,none,18
405,image/405.jpeg,unknown,Honda,CR-V,none,16
406,image/406.jpeg,glass_shatter,Hyundai,Elantra,repair,367
407,image/407.jpeg,door_dent,Hyundai,Elantra,repair,118
408,image/408.jpeg,tail_lamp,Hyundai,Tucson,replace,577
409,image/409.jpeg,door_scratch,Toyota,"Camry, RAV4",repair,241
410,image/410.jpeg,bumper_scratch,Toyota,"Camry, RAV4",repair,80
411,image/411.jpeg,glass_shatter,Toyota,Corolla,repair,392
412,image/412.jpeg,unknown,Hyundai,Tucson,none,44
413,image/413.jpeg,bumper_dent,Honda,Civic,repair,174
414,image/414.jpeg,bumper_scratch,BMW,X5,repair,167
415,image/415.jpeg,door_dent,Hyundai,Tucson,repair,66
416,image/416.jpeg,unknown,Nissan,Rogue,none,32
417,image/417.jpeg,door_dent,Toyota,"Camry, RAV4",repair,69
418,image/418.jpeg,door_dent,Nissan,Sentra,repair,141
419,image/419.jpeg,bumper_dent,Mercedes,C-Class,repair,167
420,image/420.jpeg,door_dent,Toyota,Corolla,repair,96
421,image/421.jpeg,door_dent,Toyota,Corolla,repair,123
422,image/422.jpeg,tail_lamp,Toyota,"Camry, RAV4",replace,222
423,image/423.jpeg,unknown,Hyundai,Tucson,none,2
424,image/424.jpeg,tail_lamp,Honda,Accord,replace,297
425,image/425.jpeg,glass_shatter,Nissan,Rogue,repair,346
426,image/426.jpeg,door_scratch,Toyota,Corolla,repair,158
427,image/427.jpeg,glass_shatter,Hyundai,Tucson,repair,315
428,image/428.jpeg,unknown,Ford,Focus,none,44
429,image/429.jpeg,door_scratch,Toyota,Corolla,repair,331
430,image/430.jpeg,unknown,Honda,Civic,none,42
431,image/431.jpeg,glass_shatter,Toyota,"Camry, RAV4",repair,246
432,image/432.jpeg,unknown,Toyota,Corolla,none,1
433,image/433.jpeg,unknown,Hyundai,Tucson,none,34
434,image/434.jpeg,head_lamp,Honda,Civic,repair,247
435,image/435.jpeg,glass_shatter,Hyundai,Tucson,replace,454
436,image/436.jpeg,bumper_scratch,BMW,3 Series,repair,127
437,image/437.jpeg,door_scratch,BMW,X5,repair,126
438,image/438.jpeg,tail_lamp,Honda,Civic,replace,214
439,image/439.jpeg,bumper_scratch,Honda,CR-V,repair,153
440,image/440.jpeg,unknown,Toyota,"Camry, RAV4",none,43
441,image/441.jpeg,door_scratch,Honda,Accord,repair,247
442,image/442.jpeg,unknown,Honda,Accord,none,37
443,image/443.jpeg,unknown,Hyundai,Tucson,none,1
444,image/444.jpeg,bumper_dent,Mercedes,E-Class,repair,109
445,image/445.jpeg,head_lamp,Mercedes,C-Class,replace,259
446,image/446.jpeg,door_dent,Hyundai,Sonata,repair,64
447,image/447.jpeg,unknown,Toyota,Corolla,none,2
448,image/448.jpeg,door_dent,Honda,Accord,repair,175
449,image/449.jpeg,bumper_dent,Honda,CR-V,repair,155
450,image/450.jpeg,door_dent,Honda,Civic,repair,122
451,image/451.jpeg,unknown,BMW,3 Series,none,35
452,image/452.jpeg,unknown,Hyundai,Sonata,none,26
453,image/453.jpeg,tail_lamp,Honda,Accord,replace,542
454,image/454.jpeg,glass_shatter,Toyota,Corolla,repair,283
455,image/455.jpeg,head_lamp,Toyota,Corolla,replace,673
456,image/456.jpeg,door_dent,Toyota,"Camry, RAV4",repair,151
457,image/457.jpeg,head_lamp,Toyota,Corolla,replace,384
458,image/458.jpeg,door_dent,Toyota,Corolla,repair,65
459,image/459.jpeg,head_lamp,Toyota,"Camry, RAV4",repair,426
460,image/460.jpeg,head_lamp,Ford,Escape,repair,281
461,image/461.jpeg,door_dent,Hyundai,Sonata,repair,175
462,image/462.jpeg,door_dent,BMW,5 Series,repair,152
463,image/463.jpeg,door_scratch,Toyota,Corolla,repair,331
464,image/464.jpeg,tail_lamp,Nissan,Rogue,replace,612
465,image/465.jpeg,unknown,Hyundai,Elantra,none,6
466,image/466.jpeg,glass_shatter,Toyota,Corolla,repair,272
467,image/467.jpeg,door_dent,Honda,Civic,repair,110
468,image/468.jpeg,door_dent,Mercedes,E-Class,repair,134
469,image/469.jpeg,tail_lamp,Honda,CR-V,repair,109
470,image/470.jpeg,tail_lamp,Toyota,Corolla,repair,254
471,image/471.jpeg,unknown,Nissan,Sentra,none,14
472,image/472.jpeg,unknown,Hyundai,Sonata,none,27
473,image/473.jpeg,tail_lamp,Hyundai,Tucson,repair,270
474,image/474.jpeg,unknown,Ford,Focus,none,47
475,image/475.jpeg,door_dent,Honda,CR-V,repair,97
476,image/476.jpeg,bumper_scratch,Toyota,"Camry, RAV4",repair,161
477,image/477.jpeg,head_lamp,Honda,Civic,replace,398
478,image/478.jpeg,unknown,Toyota,"Camry, RAV4",none,0
479,image/479.jpeg,unknown,Hyundai,Elantra,none,7
480,image/480.jpeg,door_dent,Hyundai,Elantra,repair,134
481,image/481.jpeg,tail_lamp,BMW,3 Series,repair,198
482,image/482.jpeg,glass_shatter,Honda,Accord,repair,596
483,image/483.jpeg,unknown,Hyundai,Elantra,none,31
484,image/484.jpeg,glass_shatter,Nissan,Rogue,repair,565
485,image/485.jpeg,glass_shatter,Hyundai,Sonata,replace,375
486,image/486.jpeg,door_scratch,Mercedes,E-Class,repair,184
487,image/487.jpeg,head_lamp,Ford,Fusion,replace,383
488,image/488.jpeg,head_lamp,Toyota,Corolla,repair,446
489,image/489.jpeg,glass_shatter,Nissan,Rogue,replace,1030
490,image/490.jpeg,door_dent,Ford,Escape,repair,72
491,image/491.jpeg,unknown,Nissan,Rogue,none,41
492,image/492.jpeg,door_dent,Mercedes,GLC,repair,57
493,image/493.jpeg,head_lamp,Honda,CR-V,replace,336
494,image/494.jpeg,door_dent,BMW,X5,repair,88
495,image/495.jpeg,unknown,Honda,Accord,none,27
496,image/496.jpeg,glass_shatter,Honda,Civic,repair,316
497,image/497.jpeg,bumper_dent,Hyundai,Elantra,repair,120
498,image/498.jpeg,head_lamp,Honda,Civic,repair,214
499,image/499.jpeg,bumper_scratch,Honda,Civic,repair,73
500,image/500.jpeg,unknown,Toyota,Corolla,none,16
501,image/501.jpeg,door_scratch,Toyota,Corolla,repair,367
502,image/502.jpeg,unknown,Hyundai,Tucson,none,10
503,image/503.jpeg,unknown,Toyota,Corolla,none,40
504,image/504.jpeg,bumper_dent,Mercedes,C-Class,repair,129
505,image/505.jpeg,unknown,Hyundai,Tucson,none,33
506,image/506.jpeg,head_lamp,Toyota,"Camry, RAV4",replace,580
507,image/507.jpeg,glass_shatter,Toyota,"Camry, RAV4",replace,740
508,image/508.jpeg,bumper_scratch,Toyota,Corolla,repair,199
509,image/509.jpeg,door_scratch,Toyota,"Camry, RAV4",repair,391
510,image/510.jpeg,door_scratch,Honda,CR-V,repair,151
511,image/511.jpeg,unknown,Toyota,Corolla,none,14
512,image/512.jpeg,tail_lamp,Nissan,Altima,replace,392
513,image/513.jpeg,bumper_dent,Ford,Fusion,repair,51
514,image/514.jpeg,glass_shatter,Ford,Fusion,replace,388
515,image/515.jpeg,unknown,Toyota,"Camry, RAV4",none,14
516,image/516.jpeg,tail_lamp,Honda,CR-V,repair,146
517,image/517.jpeg,tail_lamp,Honda,CR-V,replace,486
518,image/518.jpeg,tail_lamp,Honda,Civic,replace,490
519,image/519.jpeg,glass_shatter,BMW,3 Series,replace,968
520,image/520.jpeg,glass_shatter,Hyundai,Elantra,replace,558
521,image/521.jpeg,door_scratch,Toyota,Corolla,repair,154
522,image/522.jpeg,unknown,Ford,Focus,none,33
523,image/523.jpeg,unknown,Toyota,"Camry, RAV4",none,28
524,image/524.jpeg,glass_shatter,Toyota,Corolla,repair,352
525,image/525.jpeg,door_scratch,Mercedes,E-Class,repair,278
526,image/526.jpeg,door_dent,Mercedes,GLC,repair,199
527,image/527.jpeg,head_lamp,Honda,CR-V,replace,429
528,image/528.jpeg,unknown,Mercedes,GLC,none,11
529,image/529.jpeg,door_scratch,Toyota,Corolla,repair,264
530,image/530.jpeg,unknown,Toyota,"Camry, RAV4",none,19
531,image/531.jpeg,bumper_dent,Hyundai,Sonata,repair,171
532,image/532.jpeg,unknown,Honda,Civic,none,26
533,image/533.jpeg,bumper_dent,Nissan,Rogue,repair,75
534,image/534.jpeg,door_dent,Honda,Civic,repair,59
535,image/535.jpeg,bumper_scratch,Hyundai,Elantra,repair,189
536,image/536.jpeg,head_lamp,Toyota,"Camry, RAV4",replace,508
537,image/537.jpeg,tail_lamp,Ford,Fusion,replace,425
538,image/538.jpeg,unknown,Toyota,"Camry, RAV4",none,4
539,image/539.jpeg,unknown,Hyundai,Tucson,none,10
540,image/540.jpeg,bumper_dent,Toyota,"Camry, RAV4",repair,134
541,image/541.jpeg,unknown,Honda,Civic,none,43
542,image/542.jpeg,unknown,Hyundai,Sonata,none,24
543,image/543.jpeg,unknown,Hyundai,Elantra,none,46
544,image/544.jpeg,unknown,Toyota,"Camry, RAV4",none,0
545,image/545.jpeg,unknown,Honda,Accord,none,37
546,image/546.jpeg,unknown,Hyundai,Tucson,none,35
547,image/547.jpeg,head_lamp,Mercedes,GLC,repair,256
548,image/548.jpeg,tail_lamp,Mercedes,GLC,repair,149
549,image/549.jpeg,unknown,Toyota,Corolla,none,16
550,image/550.jpeg,door_dent,Toyota,"Camry, RAV4",repair,135
551,image/551.jpeg,door_dent,Toyota,"Camry, RAV4",repair,118
552,image/552.jpeg,head_lamp,Toyota,"Camry, RAV4",replace,299
553,image/553.jpeg,unknown,Hyundai,Sonata,none,1
554,image/554.jpeg,door_scratch,Hyundai,Tucson,repair,315
555,image/555.jpeg,glass_shatter,Nissan,Altima,replace,580
556,image/556.jpeg,unknown,Hyundai,Elantra,none,22
557,image/557.jpeg,unknown,Ford,Fusion,none,41
558,image/558.jpeg,door_dent,Toyota,Corolla,repair,54
559,image/559.jpeg,door_scratch,Honda,Accord,repair,343
560,image/560.jpeg,glass_shatter,Toyota,Corolla,repair,547
561,image/561.jpeg,bumper_dent,Nissan,Rogue,repair,156
562,image/562.jpeg,glass_shatter,Ford,Escape,repair,218
563,image/563.jpeg,unknown,Honda,CR-V,none,40
564,image/564.jpeg,tail_lamp,Toyota,Corolla,replace,508
565,image/565.jpeg,unknown,Ford,Escape,none,14
566,image/566.jpeg,door_scratch,Hyundai,Tucson,repair,263
567,image/567.jpeg,unknown,Nissan,Sentra,none,6
568,image/568.jpeg,unknown,Mercedes,C-Class,none,34
569,image/569.jpeg,glass_shatter,Honda,CR-V,repair,400
570,image/570.jpeg,head_lamp,Hyundai,Elantra,repair,337
571,image/571.jpeg,unknown,Hyundai,Tucson,none,0
572,image/572.jpeg,door_scratch,Toyota,Corolla,repair,248
573,image/573.jpeg,bumper_scratch,Mercedes,C-Class,repair,134
574,image/574.jpeg,door_dent,Mercedes,C-Class,repair,172
575,image/575.jpeg,bumper_scratch,Honda,Civic,repair,150
576,image/576.jpeg,bumper_dent,Honda,Civic,repair,143
577,image/577.jpeg,glass_shatter,Toyota,Corolla,replace,933
578,image/578.jpeg,bumper_dent,Hyundai,Tucson,repair,143
579,image/579.jpeg,head_lamp,Toyota,"Camry, RAV4",repair,256
580,image/580.jpeg,head_lamp,Honda,Accord,repair,204
581,image/581.jpeg,bumper_dent,Mercedes,E-Class,repair,182
582,image/582.jpeg,unknown,Toyota,Corolla,none,45
583,image/583.jpeg,unknown,Ford,Focus,none,5
584,image/584.jpeg,unknown,Hyundai,Tucson,none,1
585,image/585.jpeg,unknown,Toyota,"Camry, RAV4",none,45
586,image/586.jpeg,bumper_dent,BMW,X5,repair,198
587,image/587.jpeg,tail_lamp,Toyota,"Camry, RAV4",repair,252
588,image/588.jpeg,door_dent,Honda,Accord,repair,55
589,image/589.jpeg,bumper_scratch,Ford,Focus,repair,155
590,image/590.jpeg,head_lamp,Toyota,"Camry, RAV4",repair,402
591,image/591.jpeg,head_lamp,Toyota,Corolla,repair,398
592,image/592.jpeg,door_scratch,Honda,CR-V,repair,313
593,image/593.jpeg,door_scratch,Toyota,Corolla,repair,162
594,image/594.jpeg,door_dent,BMW,5 Series,repair,124
595,image/595.jpeg,door_scratch,Toyota,"Camry, RAV4",repair,396
596,image/596.jpeg,glass_shatter,Hyundai,Tucson,repair,245
597,image/597.jpeg,unknown,Nissan,Sentra,none,21
598,image/598.jpeg,bumper_dent,Honda,Civic,repair,69
599,image/599.jpeg,unknown,Hyundai,Sonata,none,20
600,image/600.jpeg,unknown,Ford,Fusion,none,4
601,image/601.jpeg,door_dent,Honda,Civic,repair,108
602,image/602.jpeg,unknown,Honda,CR-V,none,7
603,image/603.jpeg,head_lamp,BMW,5 Series,repair,335
604,image/604.jpeg,unknown,Hyundai,Sonata,none,27
605,image/605.jpeg,unknown,Honda,Civic,none,47
606,image/606.jpeg,unknown,BMW,5 Series,none,3
607,image/607.jpeg,bumper_scratch,Hyundai,Tucson,repair,107
608,image/608.jpeg,door_scratch,Mercedes,E-Class,repair,377
609,image/609.jpeg,door_dent,Nissan,Rogue,repair,164
610,image/610.jpeg,unknown,BMW,X5,none,40
611,image/611.jpeg,door_scratch,Ford,Fusion,repair,254
612,image/612.jpeg,tail_lamp,Hyundai,Tucson,replace,215
613,image/613.jpeg,unknown,Nissan,Sentra,none,4
614,image/614.jpeg,tail_lamp,Honda,CR-V,replace,283
615,image/615.jpeg,unknown,Honda,CR-V,none,37
616,image/616.jpeg,unknown,Toyota,"Camry, RAV4",none,36
617,image/617.jpeg,unknown,BMW,3 Series,none,9
618,image/618.jpeg,bumper_scratch,Ford,Fusion,repair,191
619,image/619.jpeg,unknown,Honda,CR-V,none,48
620,image/620.jpeg,unknown,Mercedes,E-Class,none,33
621,image/621.jpeg,glass_shatter,Hyundai,Elantra,repair,452
622,image/622.jpeg,tail_lamp,Toyota,Corolla,repair,150
623,image/623.jpeg,head_lamp,Toyota,Corolla,replace,364
624,image/624.jpeg,door_scratch,BMW,5 Series,repair,347
625,image/625.jpeg,unknown,Honda,Accord,none,41
626,image/626.jpeg,glass_shatter,Nissan,Sentra,replace,695
627,image/627.jpeg,bumper_scratch,Hyundai,Sonata,repair,194
628,image/628.jpeg,unknown,Nissan,Altima,none,27
629,image/629.jpeg,bumper_dent,Honda,Accord,repair,134
630,image/630.jpeg,door_scratch,Toyota,Corolla,repair,268
631,image/631.jpeg,bumper_scratch,Toyota,"Camry, RAV4",repair,197
632,image/632.jpeg,unknown,Hyundai,Sonata,none,49
633,image/633.jpeg,unknown,Honda,Civic,none,18
634,image/634.jpeg,head_lamp,Toyota,"Camry, RAV4",repair,230
635,image/635.jpeg,door_scratch,Ford,Focus,repair,276
636,image/636.jpeg,unknown,Ford,Fusion,none,30
637,image/637.jpeg,unknown,Hyundai,Elantra,none,9
638,image/638.jpeg,unknown,Honda,Accord,none,0
639,image/639.jpeg,glass_shatter,Toyota,"Camry, RAV4",replace,694
640,image/640.jpeg,door_scratch,Honda,CR-V,repair,246
641,image/641.jpeg,door_scratch,Hyundai,Tucson,repair,331
642,image/642.jpeg,bumper_dent,Toyota,"Camry, RAV4",repair,115
643,image/643.jpeg,door_dent,Toyota,Corolla,repair,186
644,image/644.jpeg,tail_lamp,Toyota,"Camry, RAV4",repair,207
645,image/645.jpeg,tail_lamp,Ford,Fusion,repair,250
646,image/646.jpeg,unknown,Hyundai,Elantra,none,47
647,image/647.jpeg,tail_lamp,Toyota,"Camry, RAV4",repair,311
648,image/648.jpeg,bumper_scratch,Honda,Accord,repair,61
649,image/649.jpeg,door_dent,Toyota,Corolla,repair,51
650,image/650.jpeg,head_lamp,Nissan,Sentra,replace,575
651,image/651.jpeg,tail_lamp,Honda,Accord,replace,437
652,image/652.jpeg,glass_shatter,Nissan,Altima,repair,527
653,image/653.jpeg,unknown,BMW,X5,none,47
654,image/654.jpeg,bumper_dent,Hyundai,Tucson,repair,145
655,image/655.jpeg,unknown,Honda,Accord,none,37
656,image/656.jpeg,head_lamp,Toyota,"Camry, RAV4",replace,735
657,image/657.jpeg,door_dent,Toyota,Corolla,repair,198
658,image/658.jpeg,unknown,Nissan,Rogue,none,23
659,image/659.jpeg,door_dent,Hyundai,Sonata,repair,52
660,image/660.jpeg,unknown,Toyota,Corolla,none,5
661,image/661.jpeg,unknown,Toyota,"Camry, RAV4",none,3
662,image/662.jpeg,door_scratch,Hyundai,Sonata,repair,268
663,image/663.jpeg,glass_shatter,Nissan,Rogue,repair,394
664,image/664.jpeg,unknown,Ford,Focus,none,34
665,image/665.jpeg,unknown,Ford,Escape,none,0
666,image/666.jpeg,bumper_dent,Mercedes,E-Class,repair,51
667,image/667.jpeg,bumper_dent,Toyota,"Camry, RAV4",repair,180
668,image/668.jpeg,head_lamp,Mercedes,GLC,repair,215
669,image/669.jpeg,head_lamp,Hyundai,Sonata,repair,186
670,image/670.jpeg,unknown,Toyota,"Camry, RAV4",none,0
671,image/671.jpeg,unknown,Honda,Civic,none,12
672,image/672.jpeg,head_lamp,Ford,Escape,repair,310
673,image/673.jpeg,door_scratch,Hyundai,Tucson,repair,238
674,image/674.jpeg,unknown,Honda,Civic,none,25
675,image/675.jpeg,door_dent,Ford,Fusion,repair,73
676,image/676.jpeg,unknown,Ford,Escape,none,25
677,image/677.jpeg,unknown,Hyundai,Tucson,none,32
678,image/678.jpeg,glass_shatter,Nissan,Rogue,repair,534
679,image/679.jpeg,unknown,Hyundai,Elantra,none,49
680,image/680.jpeg,bumper_dent,Toyota,"Camry, RAV4",repair,199
681,image/681.jpeg,head_lamp,Honda,Accord,replace,632
682,image/682.jpeg,head_lamp,BMW,3 Series,replace,535
683,image/683.jpeg,glass_shatter,BMW,3 Series,repair,401
684,image/684.jpeg,unknown,Hyundai,Elantra,none,33
685,image/685.jpeg,unknown,Mercedes,E-Class,none,48
686,image/686.jpeg,head_lamp,Hyundai,Tucson,replace,481
687,image/687.jpeg,door_scratch,Ford,Fusion,repair,188
688,image/688.jpeg,glass_shatter,BMW,X5,repair,448
689,image/689.jpeg,unknown,Hyundai,Elantra,none,10
690,image/690.jpeg,unknown,Honda,Accord,none,39
691,image/691.jpeg,tail_lamp,BMW,5 Series,repair,336
692,image/692.jpeg,tail_lamp,Toyota,"Camry, RAV4",replace,268
693,image/693.jpeg,bumper_dent,Hyundai,Tucson,repair,121
694,image/694.jpeg,tail_lamp,Honda,Civic,repair,200
695,image/695.jpeg,tail_lamp,Ford,Escape,replace,437
696,image/696.jpeg,head_lamp,Honda,Accord,replace,401
697,image/697.jpeg,head_lamp,Honda,Civic,repair,165
698,image/698.jpeg,door_dent,Toyota,Corolla,repair,167
699,image/699.jpeg,head_lamp,Toyota,Corolla,repair,243
700,image/700.jpeg,unknown,Toyota,Corolla,none,27
701,image/701.jpeg,bumper_dent,Hyundai,Elantra,repair,143
702,image/702.jpeg,door_dent,Toyota,Corolla,repair,90
703,image/703.jpeg,bumper_dent,Toyota,Corolla,repair,131
704,image/704.jpeg,head_lamp,Toyota,"Camry, RAV4",replace,723
705,image/705.jpeg,unknown,BMW,3 Series,none,33
706,image/706.jpeg,unknown,Honda,Civic,none,23
707,image/707.jpeg,tail_lamp,Mercedes,C-Class,repair,271
708,image/708.jpeg,door_scratch,Hyundai,Sonata,repair,181
709,image/709.jpeg,unknown,Mercedes,C-Class,none,38
710,image/710.jpeg,unknown,Toyota,"Camry, RAV4",none,9
711,image/711.jpeg,head_lamp,Hyundai,Elantra,repair,150
712,image/712.jpeg,glass_shatter,Toyota,"Camry, RAV4",repair,240
713,image/713.jpeg,unknown,Toyota,"Camry, RAV4",none,12
714,image/714.jpeg,bumper_scratch,Hyundai,Sonata,repair,84
715,image/715.jpeg,unknown,Hyundai,Tucson,none,15
716,image/716.jpeg,tail_lamp,Hyundai,Elantra,repair,100
717,image/717.jpeg,unknown,Honda,Civic,none,37
718,image/718.jpeg,tail_lamp,Toyota,"Camry, RAV4",replace,163
719,image/719.jpeg,door_dent,Ford,Fusion,repair,122
720,image/720.jpeg,door_dent,Mercedes,E-Class,repair,59
721,image/721.jpeg,door_dent,Toyota,"Camry, RAV4",repair,148
722,image/722.jpeg,unknown,Nissan,Altima,none,46
723,image/723.jpeg,tail_lamp,Hyundai,Sonata,replace,218
724,image/724.jpeg,glass_shatter,BMW,5 Series,repair,588
725,image/725.jpeg,door_scratch,Toyota,Corolla,repair,216
726,image/726.jpeg,unknown,BMW,3 Series,none,0
727,image/727.jpeg,tail_lamp,Honda,Accord,replace,512
728,image/728.jpeg,bumper_scratch,Honda,Accord,repair,82
729,image/729.jpeg,door_scratch,Hyundai,Sonata,repair,198
730,image/730.jpeg,bumper_dent,Toyota,"Camry, RAV4",repair,79
731,image/731.jpeg,unknown,Toyota,Corolla,none,7
732,image/732.jpeg,unknown,Nissan,Altima,none,15
733,image/733.jpeg,door_dent,Toyota,Corolla,repair,151
734,image/734.jpeg,head_lamp,Toyota,Corolla,repair,371
735,image/735.jpeg,door_scratch,Ford,Fusion,repair,201
736,image/736.jpeg,bumper_scratch,Hyundai,Tucson,repair,122
737,image/737.jpeg,door_dent,Honda,Accord,repair,81
738,image/738.jpeg,unknown,Toyota,Corolla,none,11
739,image/739.jpeg,door_dent,BMW,X5,repair,167
740,image/740.jpeg,door_scratch,Hyundai,Tucson,repair,381
741,image/741.jpeg,unknown,BMW,5 Series,none,29
742,image/742.jpeg,door_dent,BMW,X5,repair,57
743,image/743.jpeg,unknown,Hyundai,Tucson,none,28
744,image/744.jpeg,unknown,Honda,CR-V,none,46
745,image/745.jpeg,door_dent,Nissan,Sentra,repair,69
746,image/746.jpeg,unknown,Hyundai,Tucson,none,10
747,image/747.jpeg,door_dent,Hyundai,Elantra,repair,171
748,image/748.jpeg,bumper_scratch,Toyota,Corolla,repair,182
749,image/749.jpeg,unknown,Hyundai,Sonata,none,25
750,image/750.jpeg,unknown,Hyundai,Sonata,none,10
751,image/751.jpeg,unknown,Honda,CR-V,none,22
752,image/752.jpeg,unknown,Toyota,Corolla,none,46
753,image/753.jpeg,unknown,Hyundai,Tucson,none,18
754,image/754.jpeg,glass_shatter,Nissan,Altima,replace,696
755,image/755.jpeg,unknown,Honda,Civic,none,38
756,image/756.jpeg,unknown,Ford,Fusion,none,30
757,image/757.jpeg,unknown,Honda,CR-V,none,9
758,image/758.jpeg,bumper_scratch,Honda,Civic,repair,61
759,image/759.jpeg,unknown,Honda,CR-V,none,6
760,image/760.jpeg,tail_lamp,Nissan,Sentra,repair,255
761,image/761.jpeg,glass_shatter,Toyota,Corolla,repair,342
762,image/762.jpeg,door_dent,Hyundai,Sonata,repair,88
763,image/763.jpeg,unknown,Ford,Fusion,none,48
764,image/764.jpeg,bumper_scratch,Hyundai,Elantra,repair,69
765,image/765.jpeg,bumper_dent,Ford,Focus,repair,177
766,image/766.jpeg,door_dent,BMW,3 Series,repair,197
767,image/767.jpeg,bumper_dent,Ford,Fusion,repair,165
768,image/768.jpeg,unknown,Hyundai,Elantra,none,32
769,image/769.jpeg,glass_shatter,Toyota,Corolla,repair,266
770,image/770.jpeg,head_lamp,Mercedes,C-Class,repair,375
771,image/771.jpeg,unknown,Honda,CR-V,none,16
772,image/772.jpeg,unknown,Toyota,Corolla,none,25
773,image/773.jpeg,head_lamp,BMW,X5,repair,159
774,image/774.jpeg,tail_lamp,Toyota,Corolla,replace,257
775,image/775.jpeg,door_scratch,Ford,Fusion,repair,151
776,image/776.jpeg,bumper_scratch,Mercedes,GLC,repair,67
777,image/777.jpeg,head_lamp,Honda,Accord,repair,184
778,image/778.jpeg,head_lamp,Ford,Focus,repair,169
779,image/779.jpeg,glass_shatter,Toyota,"Camry, RAV4",repair,386
780,image/780.jpeg,unknown,Honda,Accord,none,43
781,image/781.jpeg,bumper_scratch,Toyota,"Camry, RAV4",repair,120
782,image/782.jpeg,door_dent,Mercedes,C-Class,repair,103
783,image/783.jpeg,unknown,Hyundai,Sonata,none,19
784,image/784.jpeg,bumper_scratch,Toyota,Corolla,repair,61
785,image/785.jpeg,bumper_scratch,Honda,Accord,repair,160
786,image/786.jpeg,door_dent,Toyota,Corolla,repair,182
787,image/787.jpeg,head_lamp,Nissan,Rogue,replace,698
788,image/788.jpeg,door_dent,Hyundai,Tucson,repair,191
789,image/789.jpeg,glass_shatter,Honda,CR-V,replace,385
790,image/790.jpeg,tail_lamp,Toyota,Corolla,repair,254
791,image/791.jpeg,unknown,BMW,3 Series,none,20
792,image/792.jpeg,door_dent,Hyundai,Elantra,repair,120
793,image/793.jpeg,unknown,Toyota,Corolla,none,20
794,image/794.jpeg,door_dent,Toyota,"Camry, RAV4",repair,105
795,image/795.jpeg,door_scratch,Ford,Escape,repair,352
796,image/796.jpeg,unknown,Hyundai,Tucson,none,5
797,image/797.jpeg,head_lamp,Mercedes,GLC,replace,548
798,image/798.jpeg,unknown,Honda,Accord,none,31
799,image/799.jpeg,door_dent,Honda,CR-V,repair,84
800,image/800.jpeg,head_lamp,Toyota,Corolla,repair,303
801,image/801.jpeg,tail_lamp,Toyota,Corolla,replace,199
802,image/802.jpeg,bumper_dent,Hyundai,Tucson,repair,133
803,image/803.jpeg,unknown,Mercedes,C-Class,none,30
804,image/804.jpeg,door_dent,Ford,Focus,repair,70
805,image/805.jpeg,unknown,Hyundai,Tucson,none,28
806,image/806.jpeg,unknown,Honda,Civic,none,39
807,image/807.jpeg,tail_lamp,Hyundai,Tucson,replace,165
808,image/808.jpeg,unknown,Honda,Civic,none,24
809,image/809.jpeg,door_scratch,Toyota,Corolla,repair,116
810,image/810.jpeg,glass_shatter,Toyota,"Camry, RAV4",replace,763
811,image/811.jpeg,door_dent,BMW,X5,repair,71
812,image/812.jpeg,door_dent,Toyota,Corolla,repair,101
813,image/813.jpeg,bumper_scratch,BMW,X5,repair,110
814,image/814.jpeg,bumper_dent,Ford,Fusion,repair,75
815,image/815.jpeg,bumper_dent,Toyota,Corolla,repair,90
816,image/816.jpeg,bumper_scratch,Hyundai,Tucson,repair,106
817,image/817.jpeg,tail_lamp,Toyota,"Camry, RAV4",repair,148
818,image/818.jpeg,bumper_scratch,Mercedes,GLC,repair,76
819,image/819.jpeg,unknown,Nissan,Sentra,none,35
820,image/820.jpeg,door_dent,Toyota,"Camry, RAV4",repair,62
821,image/821.jpeg,glass_shatter,Ford,Focus,repair,557
822,image/822.jpeg,unknown,Ford,Focus,none,14
823,image/823.jpeg,head_lamp,Toyota,Corolla,repair,211
824,image/824.jpeg,unknown,Ford,Escape,none,43
825,image/825.jpeg,glass_shatter,BMW,X5,repair,247
826,image/826.jpeg,unknown,BMW,3 Series,none,47
827,image/827.jpeg,unknown,Honda,CR-V,none,9
828,image/828.jpeg,door_dent,Nissan,Rogue,repair,58
829,image/829.jpeg,door_scratch,Toyota,Corolla,repair,194
830,image/830.jpeg,unknown,Honda,Accord,none,41
831,image/831.jpeg,door_scratch,BMW,3 Series,repair,381
832,image/832.jpeg,glass_shatter,BMW,X5,replace,650
833,image/833.jpeg,door_dent,Mercedes,E-Class,repair,186
834,image/834.jpeg,head_lamp,Honda,CR-V,repair,436
835,image/835.jpeg,glass_shatter,Honda,Accord,repair,378
836,image/836.jpeg,tail_lamp,Toyota,"Camry, RAV4",repair,323
837,image/837.jpeg,bumper_dent,Toyota,"Camry, RAV4",repair,169
838,image/838.jpeg,unknown,Ford,Focus,none,30
839,image/839.jpeg,unknown,Honda,Civic,none,48
840,image/840.jpeg,tail_lamp,Toyota,"Camry, RAV4",repair,279
841,image/841.jpeg,unknown,Honda,CR-V,none,32
842,image/842.jpeg,glass_shatter,Toyota,"Camry, RAV4",repair,392
843,image/843.jpeg,glass_shatter,Toyota,"Camry, RAV4",repair,472
844,image/844.jpeg,door_dent,BMW,X5,repair,152
845,image/845.jpeg,unknown,Honda,Accord,none,6
846,image/846.jpeg,door_dent,Toyota,Corolla,repair,160
847,image/847.jpeg,head_lamp,Ford,Escape,repair,325
848,image/848.jpeg,door_dent,BMW,X5,repair,78
849,image/849.jpeg,door_dent,Honda,Civic,repair,172
850,image/850.jpeg,door_scratch,Honda,CR-V,repair,395
851,image/851.jpeg,unknown,Honda,Accord,none,5
852,image/852.jpeg,unknown,Honda,Civic,none,23
853,image/853.jpeg,unknown,Toyota,"Camry, RAV4",none,26
854,image/854.jpeg,door_scratch,Toyota,"Camry, RAV4",repair,298
855,image/855.jpeg,unknown,Hyundai,Sonata,none,7
856,image/856.jpeg,head_lamp,Hyundai,Sonata,repair,234
857,image/857.jpeg,tail_lamp,Hyundai,Tucson,repair,180
858,image/858.jpeg,glass_shatter,Honda,Civic,repair,389
859,image/859.jpeg,unknown,Toyota,"Camry, RAV4",none,43
860,image/860.jpeg,door_dent,Hyundai,Tucson,repair,112
861,image/861.jpeg,door_scratch,BMW,5 Series,repair,242
862,image/862.jpeg,head_lamp,Hyundai,Elantra,replace,536
863,image/863.jpeg,head_lamp,Hyundai,Sonata,replace,760
864,image/864.jpeg,unknown,Hyundai,Sonata,none,9
865,image/865.jpeg,head_lamp,Hyundai,Sonata,repair,442
866,image/866.jpeg,bumper_scratch,Nissan,Rogue,repair,176
867,image/867.jpeg,glass_shatter,BMW,5 Series,repair,580
868,image/868.jpeg,door_scratch,Nissan,Rogue,repair,180
869,image/869.jpeg,door_scratch,Toyota,"Camry, RAV4",repair,245
870,image/870.jpeg,tail_lamp,Toyota,Corolla,replace,491
871,image/871.jpeg,unknown,Toyota,Corolla,none,14
872,image/872.jpeg,unknown,Toyota,"Camry, RAV4",none,8
873,image/873.jpeg,door_scratch,Toyota,"Camry, RAV4",repair,220
874,image/874.jpeg,bumper_dent,Honda,Accord,repair,180
875,image/875.jpeg,bumper_scratch,Honda,CR-V,repair,161
876,image/876.jpeg,tail_lamp,Hyundai,Tucson,replace,458
877,image/877.jpeg,unknown,Toyota,Corolla,none,12
878,image/878.jpeg,unknown,Mercedes,GLC,none,16
879,image/879.jpeg,door_scratch,BMW,X5,repair,347
880,image/880.jpeg,unknown,Toyota,Corolla,none,38
881,image/881.jpeg,door_dent,Hyundai,Elantra,repair,109
882,image/882.jpeg,bumper_dent,Ford,Focus,repair,108
883,image/883.jpeg,door_scratch,Nissan,Sentra,repair,266
884,image/884.jpeg,bumper_dent,Hyundai,Sonata,repair,178
885,image/885.jpeg,tail_lamp,Mercedes,E-Class,repair,133
886,image/886.jpeg,unknown,Honda,CR-V,none,7
887,image/887.jpeg,head_lamp,Hyundai,Elantra,replace,415
888,image/888.jpeg,bumper_dent,Toyota,Corolla,repair,90
889,image/889.jpeg,unknown,Toyota,"Camry, RAV4",none,44
890,image/890.jpeg,door_dent,Toyota,Corolla,repair,132
891,image/891.jpeg,door_scratch,Toyota,"Camry, RAV4",repair,131
892,image/892.jpeg,glass_shatter,Toyota,Corolla,replace,684
893,image/893.jpeg,tail_lamp,Toyota,Corolla,replace,436
894,image/894.jpeg,tail_lamp,Honda,CR-V,repair,153
895,image/895.jpeg,head_lamp,Honda,Civic,repair,424
896,image/896.jpeg,unknown,Nissan,Altima,none,10
897,image/897.jpeg,door_dent,Toyota,"Camry, RAV4",repair,158
898,image/898.jpeg,door_dent,Honda,Civic,repair,152
899,image/899.jpeg,tail_lamp,Toyota,Corolla,replace,608
900,image/900.jpeg,door_dent,BMW,X5,repair,162
901,image/901.jpeg,head_lamp,Toyota,Corolla,repair,302
902,image/902.jpeg,tail_lamp,Ford,Focus,repair,301
903,image/903.jpeg,tail_lamp,Nissan,Sentra,replace,573
904,image/904.jpeg,unknown,Hyundai,Sonata,none,38
905,image/905.jpeg,tail_lamp,Honda,CR-V,replace,351
906,image/906.jpeg,head_lamp,Honda,CR-V,replace,809
907,image/907.jpeg,bumper_scratch,Ford,Focus,repair,54
908,image/908.jpeg,unknown,Honda,CR-V,none,49
909,image/909.jpeg,door_dent,Hyundai,Tucson,repair,165
910,image/910.jpeg,unknown,Mercedes,GLC,none,12
911,image/911.jpeg,glass_shatter,Honda,CR-V,replace,526
912,image/912.jpeg,unknown,Toyota,Corolla,none,48
913,image/913.jpeg,unknown,BMW,3 Series,none,25
914,image/914.jpeg,bumper_dent,BMW,3 Series,repair,180
915,image/915.jpeg,bumper_dent,Mercedes,C-Class,repair,154
916,image/916.jpeg,bumper_dent,Mercedes,C-Class,repair,130
917,image/917.jpeg,unknown,Hyundai,Elantra,none,40
918,image/918.jpeg,unknown,Hyundai,Tucson,none,22
919,image/919.jpeg,unknown,Honda,Accord,none,18
920,image/920.jpeg,bumper_scratch,Honda,Accord,repair,60
921,image/921.jpeg,glass_shatter,Nissan,Altima,repair,425
922,image/922.jpeg,unknown,Toyota,Corolla,none,0
923,image/923.jpeg,door_scratch,Hyundai,Tucson,repair,266
924,image/924.jpeg,unknown,Honda,CR-V,none,26
925,image/925.jpeg,door_dent,Toyota,"Camry, RAV4",repair,51
926,image/926.jpeg,door_scratch,Ford,Escape,repair,318
927,image/927.jpeg,unknown,Nissan,Sentra,none,42
928,image/928.jpeg,unknown,Honda,CR-V,none,45
929,image/929.jpeg,unknown,Toyota,"Camry, RAV4",none,6
930,image/930.jpeg,unknown,Hyundai,Elantra,none,43
931,image/931.jpeg,unknown,Nissan,Rogue,none,8
932,image/932.jpeg,door_scratch,Toyota,Corolla,repair,136
933,image/933.jpeg,door_dent,Ford,Focus,repair,92
934,image/934.jpeg,bumper_scratch,Toyota,Corolla,repair,78
935,image/935.jpeg,unknown,Hyundai,Elantra,none,38
936,image/936.jpeg,unknown,Hyundai,Tucson,none,32
937,image/937.jpeg,unknown,Hyundai,Sonata,none,22
938,image/938.jpeg,unknown,Hyundai,Elantra,none,0
939,image/939.jpeg,unknown,Hyundai,Elantra,none,1
940,image/940.jpeg,unknown,Toyota,"Camry, RAV4",none,2
941,image/941.jpeg,door_dent,BMW,3 Series,repair,149
942,image/942.jpeg,unknown,Nissan,Altima,none,41
943,image/943.jpeg,door_scratch,Nissan,Sentra,repair,316
944,image/944.jpeg,unknown,Ford,Escape,none,20
945,image/945.jpeg,door_scratch,Honda,CR-V,repair,334
946,image/946.jpeg,door_dent,Toyota,"Camry, RAV4",repair,87
947,image/947.jpeg,door_scratch,Honda,CR-V,repair,294
948,image/948.jpeg,bumper_dent,Honda,CR-V,repair,103
949,image/949.jpeg,unknown,Honda,Accord,none,19
950,image/950.jpeg,bumper_dent,BMW,3 Series,repair,161
951,image/951.jpeg,unknown,Toyota,"Camry, RAV4",none,48
952,image/952.jpeg,unknown,Honda,CR-V,none,16
953,image/953.jpeg,door_dent,Hyundai,Elantra,repair,183
954,image/954.jpeg,unknown,Toyota,Corolla,none,16
955,image/955.jpeg,door_dent,Honda,CR-V,repair,101
956,image/956.jpeg,door_scratch,Honda,Civic,repair,324
957,image/957.jpeg,unknown,Ford,Escape,none,11
958,image/958.jpeg,bumper_scratch,Hyundai,Elantra,repair,51
959,image/959.jpeg,bumper_scratch,Nissan,Altima,repair,68
960,image/960.jpeg,bumper_scratch,Honda,Civic,repair,66
961,image/961.jpeg,tail_lamp,Honda,Civic,replace,510
962,image/962.jpeg,bumper_dent,Nissan,Sentra,repair,145
963,image/963.jpeg,unknown,Toyota,Corolla,none,48
964,image/964.jpeg,unknown,Nissan,Altima,none,31
965,image/965.jpeg,door_dent,Toyota,Corolla,repair,196
966,image/966.jpeg,bumper_dent,Nissan,Altima,repair,135
967,image/967.jpeg,unknown,Toyota,Corolla,none,39
968,image/968.jpeg,tail_lamp,Toyota,"Camry, RAV4",replace,388
969,image/969.jpeg,bumper_scratch,Hyundai,Tucson,repair,73
970,image/970.jpeg,unknown,Honda,Civic,none,12
971,image/971.jpeg,unknown,Mercedes,GLC,none,15
972,image/972.jpeg,unknown,Honda,CR-V,none,37
973,image/973.jpeg,unknown,Mercedes,C-Class,none,21
974,image/974.jpeg,tail_lamp,BMW,3 Series,replace,312
975,image/975.jpeg,unknown,Nissan,Altima,none,16
976,image/976.jpeg,door_dent,Honda,Accord,repair,109
977,image/977.jpeg,bumper_dent,Ford,Focus,repair,98
978,image/978.jpeg,unknown,Honda,CR-V,none,27
979,image/979.jpeg,door_dent,Honda,Civic,repair,123
980,image/980.jpeg,unknown,Honda,CR-V,none,4
981,image/981.jpeg,unknown,Toyota,Corolla,none,35
982,image/982.jpeg,tail_lamp,Ford,Escape,repair,264
983,image/983.jpeg,tail_lamp,Honda,CR-V,replace,212
984,image/984.jpeg,head_lamp,Toyota,"Camry, RAV4",replace,244
985,image/985.jpeg,unknown,Toyota,Corolla,none,21
986,image/986.jpeg,bumper_dent,Toyota,Corolla,repair,143
987,image/987.jpeg,door_dent,Honda,Civic,repair,106
988,image/988.jpeg,head_lamp,Hyundai,Elantra,replace,705
989,image/989.jpeg,glass_shatter,Hyundai,Elantra,replace,523
990,image/990.jpeg,unknown,Hyundai,Elantra,none,16
991,image/991.jpeg,bumper_dent,Toyota,Corolla,repair,196
992,image/992.jpeg,unknown,Toyota,"Camry, RAV4",none,20
993,image/993.jpeg,head_lamp,Nissan,Sentra,replace,303
994,image/994.jpeg,unknown,Honda,CR-V,none,44
995,image/995.jpeg,glass_shatter,Hyundai,Tucson,repair,538
996,image/996.jpeg,bumper_dent,Hyundai,Sonata,repair,192
997,image/997.jpeg,tail_lamp,Ford,Fusion,replace,239
998,image/998.jpeg,door_dent,Mercedes,C-Class,repair,86
999,image/999.jpeg,unknown,Mercedes,GLC,none,36
1000,image/1000.jpeg,door_scratch,Honda,CR-V,repair,240
1001,image/1001.jpeg,door_scratch,BMW,3 Series,repair,293
1002,image/1002.jpeg,bumper_dent,Ford,Focus,repair,176
1003,image/1003.jpeg,unknown,Hyundai,Elantra,none,5
1004,image/1004.jpeg,tail_lamp,Honda,Civic,replace,176
1005,image/1005.jpeg,door_dent,Honda,CR-V,repair,77
1006,image/1006.jpeg,bumper_dent,Ford,Fusion,repair,172
1007,image/1007.jpeg,glass_shatter,Hyundai,Sonata,replace,904
1008,image/1008.jpeg,bumper_scratch,BMW,X5,repair,150
1009,image/1009.jpeg,head_lamp,Toyota,Corolla,replace,466
1010,image/1010.jpeg,glass_shatter,Mercedes,GLC,repair,328
1011,image/1011.jpeg,door_scratch,Honda,Civic,repair,122
1012,image/1012.jpeg,door_scratch,Hyundai,Tucson,repair,163
1013,image/1013.jpeg,door_dent,BMW,X5,repair,146
1014,image/1014.jpeg,unknown,Honda,Civic,none,37
1015,image/1015.jpeg,door_dent,Ford,Fusion,repair,65
1016,image/1016.jpeg,unknown,Toyota,Corolla,none,8
1017,image/1017.jpeg,bumper_dent,Toyota,"Camry, RAV4",repair,78
1018,image/1018.jpeg,tail_lamp,Ford,Focus,replace,367
1019,image/1019.jpeg,tail_lamp,Hyundai,Elantra,replace,287
1020,image/1020.jpeg,bumper_dent,Honda,Civic,repair,86
1021,image/1021.jpeg,door_scratch,Hyundai,Elantra,repair,198
1022,image/1022.jpeg,head_lamp,Hyundai,Sonata,replace,568
1023,image/1023.jpeg,door_scratch,Honda,CR-V,repair,278
1024,image/1024.jpeg,door_scratch,Honda,CR-V,repair,251
1025,image/1025.jpeg,bumper_scratch,Honda,Civic,repair,50
1026,image/1026.jpeg,glass_shatter,Ford,Fusion,replace,445
1027,image/1027.jpeg,unknown,Hyundai,Sonata,none,4
1028,image/1028.jpeg,tail_lamp,Honda,Accord,replace,383
1029,image/1029.jpeg,unknown,Toyota,Corolla,none,27
1030,image/1030.jpeg,unknown,Toyota,"Camry, RAV4",none,23
1031,image/1031.jpeg,unknown,Hyundai,Tucson,none,19
1032,image/1032.jpeg,glass_shatter,Nissan,Rogue,replace,746
1033,image/1033.jpeg,door_dent,Toyota,Corolla,repair,101
1034,image/1034.jpeg,tail_lamp,Nissan,Altima,repair,218
1035,image/1035.jpeg,glass_shatter,Nissan,Sentra,repair,296
1036,image/1036.jpeg,unknown,Toyota,Corolla,none,1
1037,image/1037.jpeg,unknown,Nissan,Altima,none,45
1038,image/1038.jpeg,door_scratch,Honda,Civic,repair,391
1039,image/1039.jpeg,tail_lamp,Nissan,Altima,repair,193
1040,image/1040.jpeg,unknown,Nissan,Sentra,none,40
1041,image/1041.jpeg,unknown,Toyota,Corolla,none,38
1042,image/1042.jpeg,door_scratch,BMW,5 Series,repair,305
1043,image/1043.jpeg,door_dent,Ford,Escape,repair,110
1044,image/1044.jpeg,head_lamp,Toyota,"Camry, RAV4",replace,375
1045,image/1045.jpeg,glass_shatter,Toyota,"Camry, RAV4",repair,563
1046,image/1046.jpeg,unknown,Nissan,Altima,none,45
1047,image/1047.jpeg,door_scratch,Mercedes,C-Class,repair,105
1048,image/1048.jpeg,door_dent,Honda,Civic,repair,194
1049,image/1049.jpeg,glass_shatter,Ford,Focus,repair,522
1050,image/1050.jpeg,unknown,Honda,CR-V,none,42
1051,image/1051.jpeg,unknown,Ford,Escape,none,22
1052,image/1052.jpeg,unknown,Hyundai,Elantra,none,4
1053,image/1053.jpeg,unknown,BMW,X5,none,5
1054,image/1054.jpeg,unknown,Honda,Civic,none,31
1055,image/1055.jpeg,bumper_dent,Hyundai,Sonata,repair,125
1056,image/1056.jpeg,unknown,Toyota,Corolla,none,27
1057,image/1057.jpeg,door_dent,Ford,Fusion,repair,62
1058,image/1058.jpeg,bumper_dent,Hyundai,Elantra,repair,156
1059,image/1059.jpeg,unknown,Honda,Civic,none,34
1060,image/1060.jpeg,tail_lamp,Hyundai,Tucson,repair,180
1061,image/1061.jpeg,unknown,Hyundai,Tucson,none,25
1062,image/1062.jpeg,unknown,Hyundai,Tucson,none,24
1063,image/1063.jpeg,unknown,Toyota,"Camry, RAV4",none,9
1064,image/1064.jpeg,unknown,Hyundai,Tucson,none,7
1065,image/1065.jpeg,bumper_scratch,Toyota,"Camry, RAV4",repair,66
1066,image/1066.jpeg,unknown,Honda,CR-V,none,32
1067,image/1067.jpeg,unknown,Ford,Focus,none,7
1068,image/1068.jpeg,bumper_dent,Honda,CR-V,repair,177
1069,image/1069.jpeg,door_scratch,Toyota,Corolla,repair,120
1070,image/1070.jpeg,glass_shatter,Mercedes,E-Class,repair,504
1071,image/1071.jpeg,unknown,Honda,Accord,none,31
1072,image/1072.jpeg,head_lamp,Nissan,Rogue,replace,312
1073,image/1073.jpeg,glass_shatter,Honda,Civic,repair,241
1074,image/1074.jpeg,unknown,Toyota,Corolla,none,2
1075,image/1075.jpeg,bumper_dent,BMW,5 Series,repair,135
1076,image/1076.jpeg,unknown,Toyota,Corolla,none,26
1077,image/1077.jpeg,unknown,Honda,CR-V,none,41
1078,image/1078.jpeg,unknown,Hyundai,Sonata,none,20
1079,image/1079.jpeg,bumper_dent,Hyundai,Elantra,repair,139
1080,image/1080.jpeg,unknown,Mercedes,GLC,none,29
1081,image/1081.jpeg,glass_shatter,Toyota,Corolla,replace,605
1082,image/1082.jpeg,door_scratch,Honda,Civic,repair,113
1083,image/1083.jpeg,unknown,Ford,Focus,none,36
1084,image/1084.jpeg,tail_lamp,Toyota,"Camry, RAV4",repair,221
1085,image/1085.jpeg,tail_lamp,Hyundai,Sonata,replace,241
1086,image/1086.jpeg,door_dent,Nissan,Sentra,repair,116
1087,image/1087.jpeg,tail_lamp,Toyota,Corolla,repair,160
1088,image/1088.jpeg,tail_lamp,Hyundai,Sonata,replace,625
1089,image/1089.jpeg,door_dent,Hyundai,Tucson,repair,162
1090,image/1090.jpeg,door_dent,Ford,Escape,repair,82
1091,image/1091.jpeg,glass_shatter,Toyota,Corolla,repair,301
1092,image/1092.jpeg,bumper_dent,Honda,Accord,repair,176
1093,image/1093.jpeg,tail_lamp,Nissan,Altima,replace,370
1094,image/1094.jpeg,unknown,Honda,Accord,none,16
1095,image/1095.jpeg,door_scratch,Hyundai,Elantra,repair,301
1096,image/1096.jpeg,unknown,Nissan,Rogue,none,25
1097,image/1097.jpeg,glass_shatter,BMW,5 Series,repair,456
1098,image/1098.jpeg,unknown,Nissan,Rogue,none,16
1099,image/1099.jpeg,door_dent,Honda,CR-V,repair,59
1100,image/1100.jpeg,tail_lamp,Hyundai,Elantra,replace,493
1101,image/1101.jpeg,glass_shatter,BMW,5 Series,replace,955
1102,image/1102.jpeg,unknown,Toyota,Corolla,none,21
1103,image/1103.jpeg,door_dent,Hyundai,Elantra,repair,53
1104,image/1104.jpeg,unknown,Mercedes,E-Class,none,27
1105,image/1105.jpeg,unknown,Honda,Civic,none,27
1106,image/1106.jpeg,door_scratch,Nissan,Rogue,repair,279
1107,image/1107.jpeg,head_lamp,Mercedes,E-Class,repair,364
1108,image/1108.jpeg,unknown,Toyota,"Camry, RAV4",none,31
1109,image/1109.jpeg,head_lamp,BMW,X5,replace,684
1110,image/1110.jpeg,door_scratch,Toyota,Corolla,repair,112
1111,image/1111.jpeg,glass_shatter,BMW,5 Series,replace,831
1112,image/1112.jpeg,unknown,Honda,Accord,none,18
1113,image/1113.jpeg,tail_lamp,Nissan,Sentra,replace,545
1114,image/1114.jpeg,door_scratch,Toyota,"Camry, RAV4",repair,121
1115,image/1115.jpeg,unknown,Mercedes,C-Class,none,37
1116,image/1116.jpeg,glass_shatter,Toyota,"Camry, RAV4",repair,526
1117,image/1117.jpeg,unknown,Hyundai,Sonata,none,23
1118,image/1118.jpeg,unknown,Toyota,Corolla,none,42
1119,image/1119.jpeg,door_scratch,Ford,Fusion,repair,271
1120,image/1120.jpeg,bumper_dent,Hyundai,Elantra,repair,75
1121,image/1121.jpeg,unknown,Honda,CR-V,none,6
1122,image/1122.jpeg,door_dent,BMW,3 Series,repair,87
1123,image/1123.jpeg,head_lamp,Toyota,"Camry, RAV4",repair,283
1124,image/1124.jpeg,unknown,Ford,Escape,none,31
1125,image/1125.jpeg,bumper_dent,BMW,5 Series,repair,161
1126,image/1126.jpeg,unknown,Hyundai,Tucson,none,22
1127,image/1127.jpeg,tail_lamp,Ford,Focus,replace,353
1128,image/1128.jpeg,door_scratch,Ford,Focus,repair,399
1129,image/1129.jpeg,glass_shatter,Mercedes,E-Class,replace,716
1130,image/1130.jpeg,unknown,Nissan,Sentra,none,47
1131,image/1131.jpeg,tail_lamp,Nissan,Sentra,replace,518
1132,image/1132.jpeg,unknown,Mercedes,GLC,none,34
1133,image/1133.jpeg,unknown,Toyota,"Camry, RAV4",none,2
1134,image/1134.jpeg,bumper_scratch,Hyundai,Tucson,repair,152
1135,image/1135.jpeg,bumper_dent,Toyota,Corolla,repair,194
1136,image/1136.jpeg,tail_lamp,Toyota,Corolla,replace,171
1137,image/1137.jpeg,door_scratch,Honda,Civic,repair,271
1138,image/1138.jpeg,door_dent,Mercedes,GLC,repair,73
1139,image/1139.jpeg,door_scratch,Hyundai,Tucson,repair,218
1140,image/1140.jpeg,head_lamp,Honda,Civic,replace,251
1141,image/1141.jpeg,door_scratch,Honda,CR-V,repair,342
1142,image/1142.jpeg,unknown,Toyota,Corolla,none,41
1143,image/1143.jpeg,unknown,Hyundai,Sonata,none,46
1144,image/1144.jpeg,head_lamp,Ford,Escape,replace,363
1145,image/1145.jpeg,door_scratch,Honda,Accord,repair,220
1146,image/1146.jpeg,bumper_dent,Honda,CR-V,repair,146
1147,image/1147.jpeg,door_scratch,Honda,CR-V,repair,118
1148,image/1148.jpeg,unknown,Mercedes,C-Class,none,49
1149,image/1149.jpeg,unknown,Honda,CR-V,none,18
1150,image/1150.jpeg,unknown,Toyota,Corolla,none,44
1151,image/1151.jpeg,tail_lamp,Hyundai,Elantra,repair,235
1152,image/1152.jpeg,bumper_scratch,Hyundai,Tucson,repair,170
1153,image/1153.jpeg,door_scratch,Honda,CR-V,repair,265
1154,image/1154.jpeg,door_dent,Toyota,Corolla,repair,109
1155,image/1155.jpeg,door_dent,Nissan,Rogue,repair,63
1156,image/1156.jpeg,unknown,Honda,CR-V,none,23
1157,image/1157.jpeg,unknown,Ford,Focus,none,41
1158,image/1158.jpeg,head_lamp,Honda,Accord,repair,356
1159,image/1159.jpeg,unknown,Honda,Accord,none,8
1160,image/1160.jpeg,unknown,Mercedes,C-Class,none,3
1161,image/1161.jpeg,unknown,Ford,Focus,none,27
1162,image/1162.jpeg,bumper_dent,Hyundai,Sonata,repair,139
1163,image/1163.jpeg,glass_shatter,Ford,Focus,replace,303
1164,image/1164.jpeg,unknown,Nissan,Rogue,none,7
1165,image/1165.jpeg,door_scratch,Hyundai,Tucson,repair,363
1166,image/1166.jpeg,bumper_dent,Toyota,Corolla,repair,81
1167,image/1167.jpeg,unknown,Honda,CR-V,none,32
1168,image/1168.jpeg,unknown,Toyota,"Camry, RAV4",none,32
1169,image/1169.jpeg,unknown,BMW,5 Series,none,28
1170,image/1170.jpeg,unknown,Honda,Accord,none,31
1171,image/1171.jpeg,bumper_dent,BMW,3 Series,repair,62
1172,image/1172.jpeg,glass_shatter,Hyundai,Tucson,replace,1012
1173,image/1173.jpeg,door_dent,Honda,Civic,repair,93
1174,image/1174.jpeg,tail_lamp,Honda,CR-V,repair,318
1175,image/1175.jpeg,unknown,Ford,Escape,none,42
1176,image/1176.jpeg,unknown,Hyundai,Elantra,none,5
1177,image/1177.jpeg,head_lamp,BMW,X5,repair,255
1178,image/1178.jpeg,unknown,Toyota,Corolla,none,22
1179,image/1179.jpeg,head_lamp,Toyota,Corolla,repair,283
1180,image/1180.jpeg,door_scratch,Hyundai,Sonata,repair,355
1181,image/1181.jpeg,unknown,Honda,Civic,none,43
1182,image/1182.jpeg,unknown,Toyota,"Camry, RAV4",none,27
1183,image/1183.jpeg,unknown,Hyundai,Elantra,none,41
1184,image/1184.jpeg,unknown,Hyundai,Tucson,none,34
1185,image/1185.jpeg,bumper_scratch,Toyota,Corolla,repair,127
1186,image/1186.jpeg,bumper_dent,Ford,Focus,repair,157
1187,image/1187.jpeg,door_dent,Ford,Fusion,repair,90
1188,image/1188.jpeg,unknown,BMW,X5,none,41
1189,image/1189.jpeg,bumper_dent,Toyota,Corolla,repair,90
1190,image/1190.jpeg,unknown,BMW,3 Series,none,44
1191,image/1191.jpeg,tail_lamp,Honda,Civic,repair,279
1192,image/1192.jpeg,door_scratch,Hyundai,Sonata,repair,149
1193,image/1193.jpeg,unknown,Hyundai,Elantra,none,2
1194,image/1194.jpeg,unknown,Hyundai,Tucson,none,47
1195,image/1195.jpeg,tail_lamp,Toyota,"Camry, RAV4",replace,384
1196,image/1196.jpeg,tail_lamp,Hyundai,Tucson,repair,344
1197,image/1197.jpeg,unknown,Mercedes,GLC,none,1
1198,image/1198.jpeg,bumper_dent,Ford,Focus,repair,199
1199,image/1199.jpeg,door_dent,Hyundai,Tucson,repair,72
1200,image/1200.jpeg,glass_shatter,Honda,Accord,repair,358
1201,image/1201.jpeg,tail_lamp,Honda,CR-V,repair,340
1202,image/1202.jpeg,unknown,Nissan,Rogue,none,20
1203,image/1203.jpeg,door_dent,Honda,CR-V,repair,158
1204,image/1204.jpeg,unknown,Toyota,Corolla,none,17
1205,image/1205.jpeg,door_dent,Mercedes,C-Class,repair,52
1206,image/1206.jpeg,unknown,Toyota,Corolla,none,31
1207,image/1207.jpeg,unknown,Ford,Fusion,none,46
1208,image/1208.jpeg,unknown,Honda,CR-V,none,32
1209,image/1209.jpeg,bumper_dent,Mercedes,E-Class,repair,74
1210,image/1210.jpeg,unknown,Hyundai,Tucson,none,26
1211,image/1211.jpeg,unknown,Hyundai,Tucson,none,3
1212,image/1212.jpeg,unknown,Hyundai,Sonata,none,40
1213,image/1213.jpeg,door_scratch,BMW,3 Series,repair,218
1214,image/1214.jpeg,glass_shatter,Toyota,Corolla,replace,1026
1215,image/1215.jpeg,unknown,Toyota,Corolla,none,7
1216,image/1216.jpeg,door_dent,Toyota,Corolla,repair,138
1217,image/1217.jpeg,door_dent,Honda,Accord,repair,167
1218,image/1218.jpeg,unknown,Toyota,"Camry, RAV4",none,17
1219,image/1219.jpeg,door_dent,Toyota,"Camry, RAV4",repair,59
1220,image/1220.jpeg,door_dent,Toyota,"Camry, RAV4",repair,62
1221,image/1221.jpeg,head_lamp,BMW,X5,replace,544
1222,image/1222.jpeg,door_scratch,Toyota,"Camry, RAV4",repair,231
1223,image/1223.jpeg,tail_lamp,Ford,Escape,replace,418
1224,image/1224.jpeg,glass_shatter,Toyota,"Camry, RAV4",replace,642
1225,image/1225.jpeg,door_dent,Honda,CR-V,repair,103
1226,image/1226.jpeg,glass_shatter,Toyota,"Camry, RAV4",replace,325
1227,image/1227.jpeg,door_scratch,Hyundai,Tucson,repair,201
1228,image/1228.jpeg,unknown,Ford,Fusion,none,21
1229,image/1229.jpeg,bumper_scratch,Hyundai,Sonata,repair,132
1230,image/1230.jpeg,tail_lamp,Nissan,Rogue,replace,156
1231,image/1231.jpeg,bumper_dent,Ford,Fusion,repair,135
1232,image/1232.jpeg,unknown,Honda,Accord,none,5
1233,image/1233.jpeg,unknown,Toyota,"Camry, RAV4",none,9
1234,image/1234.jpeg,unknown,Toyota,"Camry, RAV4",none,37
1235,image/1235.jpeg,bumper_scratch,Hyundai,Elantra,repair,116
1236,image/1236.jpeg,unknown,Honda,Accord,none,35
1237,image/1237.jpeg,unknown,Nissan,Sentra,none,7
1238,image/1238.jpeg,door_scratch,Honda,Civic,repair,116
1239,image/1239.jpeg,unknown,BMW,5 Series,none,30
1240,image/1240.jpeg,tail_lamp,Toyota,Corolla,replace,325
1241,image/1241.jpeg,door_dent,Honda,CR-V,repair,57
1242,image/1242.jpeg,door_scratch,Honda,CR-V,repair,261
1243,image/1243.jpeg,glass_shatter,Hyundai,Tucson,replace,971
1244,image/1244.jpeg,door_scratch,Honda,Accord,repair,213
1245,image/1245.jpeg,door_dent,Toyota,Corolla,repair,122
1246,image/1246.jpeg,unknown,Honda,Accord,none,39
1247,image/1247.jpeg,unknown,Honda,CR-V,none,48
1248,image/1248.jpeg,bumper_scratch,Toyota,Corolla,repair,94
1249,image/1249.jpeg,head_lamp,Toyota,Corolla,repair,413
1250,image/1250.jpeg,unknown,Honda,Civic,none,26
1251,image/1251.jpeg,tail_lamp,BMW,5 Series,replace,156
1252,image/1252.jpeg,unknown,Ford,Fusion,none,28
1253,image/1253.jpeg,door_dent,Toyota,Corolla,repair,119
1254,image/1254.jpeg,unknown,Nissan,Sentra,none,11
1255,image/1255.jpeg,unknown,BMW,X5,none,3
1256,image/1256.jpeg,tail_lamp,Honda,Civic,repair,287
1257,image/1257.jpeg,unknown,Hyundai,Elantra,none,43
1258,image/1258.jpeg,head_lamp,Honda,Civic,replace,628
1259,image/1259.jpeg,bumper_dent,Toyota,"Camry, RAV4",repair,116
1260,image/1260.jpeg,head_lamp,Toyota,Corolla,repair,180
1261,image/1261.jpeg,head_lamp,BMW,5 Series,repair,150
1262,image/1262.jpeg,tail_lamp,Toyota,Corolla,repair,233
1263,image/1263.jpeg,unknown,BMW,5 Series,none,37
1264,image/1264.jpeg,unknown,Mercedes,C-Class,none,24
1265,image/1265.jpeg,unknown,Nissan,Sentra,none,20
1266,image/1266.jpeg,tail_lamp,Honda,Accord,repair,332
1267,image/1267.jpeg,head_lamp,Hyundai,Sonata,repair,175
1268,image/1268.jpeg,unknown,Ford,Fusion,none,0
1269,image/1269.jpeg,tail_lamp,Hyundai,Tucson,repair,137
1270,image/1270.jpeg,unknown,Hyundai,Tucson,none,6
1271,image/1271.jpeg,bumper_dent,Hyundai,Tucson,repair,164
1272,image/1272.jpeg,door_dent,Nissan,Altima,repair,60
1273,image/1273.jpeg,unknown,Honda,Civic,none,36
1274,image/1274.jpeg,head_lamp,Mercedes,E-Class,repair,226
1275,image/1275.jpeg,tail_lamp,Hyundai,Elantra,replace,344
1276,image/1276.jpeg,door_dent,Toyota,"Camry, RAV4",repair,97
1277,image/1277.jpeg,bumper_scratch,Ford,Escape,repair,182
1278,image/1278.jpeg,unknown,Toyota,Corolla,none,13
1279,image/1279.jpeg,door_dent,Hyundai,Tucson,repair,58
1280,image/1280.jpeg,unknown,Ford,Escape,none,28
1281,image/1281.jpeg,door_scratch,Toyota,Corolla,repair,372
1282,image/1282.jpeg,unknown,Hyundai,Elantra,none,3
1283,image/1283.jpeg,tail_lamp,Toyota,"Camry, RAV4",repair,345
1284,image/1284.jpeg,door_dent,Toyota,"Camry, RAV4",repair,66
1285,image/1285.jpeg,unknown,Mercedes,E-Class,none,13
1286,image/1286.jpeg,unknown,Toyota,Corolla,none,34
1287,image/1287.jpeg,door_scratch,Toyota,"Camry, RAV4",repair,198
1288,image/1288.jpeg,unknown,Honda,Civic,none,0
1289,image/1289.jpeg,glass_shatter,Honda,Accord,repair,462
1290,image/1290.jpeg,head_lamp,Hyundai,Sonata,replace,494
1291,image/1291.jpeg,door_dent,Honda,CR-V,repair,86
1292,image/1292.jpeg,head_lamp,Toyota,Corolla,repair,433
1293,image/1293.jpeg,unknown,Honda,Civic,none,19
1294,image/1294.jpeg,unknown,Mercedes,C-Class,none,30
1295,image/1295.jpeg,unknown,BMW,X5,none,38
1296,image/1296.jpeg,unknown,Toyota,"Camry, RAV4",none,30
1297,image/1297.jpeg,tail_lamp,Toyota,Corolla,replace,475
1298,image/1298.jpeg,door_scratch,Toyota,"Camry, RAV4",repair,214
1299,image/1299.jpeg,unknown,Hyundai,Elantra,none,10
1300,image/1300.jpeg,glass_shatter,Ford,Fusion,repair,477
1301,image/1301.jpeg,bumper_dent,Ford,Focus,repair,96
1302,image/1302.jpeg,unknown,Hyundai,Tucson,none,49
1303,image/1303.jpeg,glass_shatter,Honda,Civic,replace,723
1304,image/1304.jpeg,unknown,Hyundai,Sonata,none,13
1305,image/1305.jpeg,door_scratch,Honda,Civic,repair,303
1306,image/1306.jpeg,head_lamp,Nissan,Sentra,replace,444
1307,image/1307.jpeg,tail_lamp,Hyundai,Elantra,repair,167
1308,image/1308.jpeg,bumper_scratch,Toyota,"Camry, RAV4",repair,96
1309,image/1309.jpeg,bumper_dent,Toyota,"Camry, RAV4",repair,140
1310,image/1310.jpeg,bumper_scratch,Hyundai,Tucson,repair,155
1311,image/1311.jpeg,unknown,Honda,Civic,none,18
1312,image/1312.jpeg,unknown,Honda,CR-V,none,5
1313,image/1313.jpeg,glass_shatter,BMW,5 Series,repair,384
1314,image/1314.jpeg,bumper_dent,Hyundai,Tucson,repair,176
1315,image/1315.jpeg,door_dent,Honda,Civic,repair,132
1316,image/1316.jpeg,head_lamp,Hyundai,Tucson,replace,319
1317,image/1317.jpeg,tail_lamp,Mercedes,E-Class,repair,131
1318,image/1318.jpeg,bumper_dent,Toyota,"Camry, RAV4",repair,194
1319,image/1319.jpeg,unknown,Hyundai,Sonata,none,1
1320,image/1320.jpeg,bumper_dent,Hyundai,Elantra,repair,55
1321,image/1321.jpeg,unknown,Toyota,"Camry, RAV4",none,17
1322,image/1322.jpeg,unknown,Nissan,Rogue,none,37
1323,image/1323.jpeg,door_scratch,Ford,Focus,repair,205
1324,image/1324.jpeg,bumper_dent,Nissan,Rogue,repair,118
1325,image/1325.jpeg,glass_shatter,Toyota,Corolla,replace,364
1326,image/1326.jpeg,unknown,Hyundai,Elantra,none,42
1327,image/1327.jpeg,door_dent,Hyundai,Sonata,repair,133
1328,image/1328.jpeg,unknown,BMW,3 Series,none,12
1329,image/1329.jpeg,door_scratch,Nissan,Rogue,repair,103
1330,image/1330.jpeg,unknown,BMW,5 Series,none,5
1331,image/1331.jpeg,glass_shatter,Toyota,Corolla,replace,480
1332,image/1332.jpeg,bumper_dent,Honda,Civic,repair,110
1333,image/1333.jpeg,tail_lamp,Toyota,Corolla,replace,610
1334,image/1334.jpeg,unknown,BMW,5 Series,none,48
1335,image/1335.jpeg,door_scratch,Nissan,Sentra,repair,274
1336,image/1336.jpeg,bumper_scratch,Toyota,Corolla,repair,158
1337,image/1337.jpeg,unknown,Nissan,Sentra,none,3
1338,image/1338.jpeg,glass_shatter,Toyota,"Camry, RAV4",repair,576
1339,image/1339.jpeg,bumper_scratch,Toyota,Corolla,repair,93
1340,image/1340.jpeg,bumper_dent,Toyota,Corolla,repair,160
1341,image/1341.jpeg,door_scratch,Ford,Escape,repair,142
1342,image/1342.jpeg,unknown,Toyota,"Camry, RAV4",none,33
1343,image/1343.jpeg,door_dent,Toyota,Corolla,repair,100
1344,image/1344.jpeg,unknown,Hyundai,Tucson,none,33
1345,image/1345.jpeg,glass_shatter,BMW,X5,repair,552
1346,image/1346.jpeg,head_lamp,BMW,5 Series,replace,726
1347,image/1347.jpeg,door_dent,Nissan,Altima,repair,60
1348,image/1348.jpeg,head_lamp,BMW,3 Series,replace,403
1349,image/1349.jpeg,door_scratch,Hyundai,Elantra,repair,159
1350,image/1350.jpeg,door_dent,Nissan,Sentra,repair,140
1351,image/1351.jpeg,glass_shatter,Mercedes,E-Class,replace,799
1352,image/1352.jpeg,door_dent,Honda,CR-V,repair,122
1353,image/1353.jpeg,door_dent,BMW,5 Series,repair,147
1354,image/1354.jpeg,unknown,Honda,Civic,none,17
1355,image/1355.jpeg,bumper_scratch,Hyundai,Sonata,repair,173
1356,image/1356.jpeg,bumper_dent,Mercedes,E-Class,repair,78
1357,image/1357.jpeg,unknown,BMW,3 Series,none,14
1358,image/1358.jpeg,bumper_dent,Toyota,"Camry, RAV4",repair,50
1359,image/1359.jpeg,bumper_dent,Toyota,"Camry, RAV4",repair,62
1360,image/1360.jpeg,door_dent,Ford,Escape,repair,183
1361,image/1361.jpeg,unknown,Mercedes,GLC,none,37
1362,image/1362.jpeg,glass_shatter,BMW,5 Series,replace,303
1363,image/1363.jpeg,unknown,Hyundai,Tucson,none,2
1364,image/1364.jpeg,bumper_dent,Toyota,"Camry, RAV4",repair,137
1365,image/1365.jpeg,bumper_dent,Honda,Accord,repair,197
1366,image/1366.jpeg,bumper_scratch,Hyundai,Elantra,repair,72
1367,image/1367.jpeg,door_scratch,Ford,Fusion,repair,104
1368,image/1368.jpeg,unknown,Hyundai,Sonata,none,45
1369,image/1369.jpeg,unknown,Honda,Civic,none,38
1370,image/1370.jpeg,head_lamp,Mercedes,GLC,replace,727
1371,image/1371.jpeg,unknown,Honda,Accord,none,18
1372,image/1372.jpeg,glass_shatter,Ford,Fusion,replace,860
1373,image/1373.jpeg,bumper_dent,BMW,X5,repair,69
1374,image/1374.jpeg,unknown,Hyundai,Elantra,none,7
1375,image/1375.jpeg,unknown,Hyundai,Elantra,none,43
1376,image/1376.jpeg,unknown,Honda,Civic,none,9
1377,image/1377.jpeg,head_lamp,Nissan,Altima,repair,286
1378,image/1378.jpeg,bumper_dent,Toyota,"Camry, RAV4",repair,118
1379,image/1379.jpeg,door_scratch,Toyota,"Camry, RAV4",repair,227
1380,image/1380.jpeg,tail_lamp,Hyundai,Tucson,repair,269
1381,image/1381.jpeg,door_dent,Honda,Accord,repair,177
1382,image/1382.jpeg,unknown,BMW,5 Series,none,39
1383,image/1383.jpeg,unknown,Honda,Accord,none,40
1384,image/1384.jpeg,glass_shatter,Honda,CR-V,replace,923
1385,image/1385.jpeg,door_scratch,Toyota,Corolla,repair,155
1386,image/1386.jpeg,door_dent,Toyota,Corolla,repair,59
1387,image/1387.jpeg,unknown,BMW,5 Series,none,3
1388,image/1388.jpeg,unknown,Honda,Civic,none,33
1389,image/1389.jpeg,bumper_dent,Toyota,Corolla,repair,65
1390,image/1390.jpeg,unknown,Honda,CR-V,none,45
1391,image/1391.jpeg,glass_shatter,Toyota,"Camry, RAV4",replace,782
1392,image/1392.jpeg,bumper_scratch,BMW,5 Series,repair,183
1393,image/1393.jpeg,unknown,Ford,Focus,none,4
1394,image/1394.jpeg,door_dent,Mercedes,GLC,repair,123
1395,image/1395.jpeg,door_scratch,Toyota,Corolla,repair,388
1396,image/1396.jpeg,glass_shatter,Toyota,Corolla,replace,862
1397,image/1397.jpeg,door_dent,BMW,5 Series,repair,74
1398,image/1398.jpeg,unknown,Hyundai,Elantra,none,14
1399,image/1399.jpeg,bumper_scratch,Hyundai,Sonata,repair,169
1400,image/1400.jpeg,tail_lamp,Toyota,Corolla,repair,236
1401,image/1401.jpeg,door_scratch,Honda,Civic,repair,317
1402,image/1402.jpeg,door_dent,Honda,Civic,repair,106
1403,image/1403.jpeg,unknown,Mercedes,GLC,none,14
1404,image/1404.jpeg,unknown,Toyota,Corolla,none,26
1405,image/1405.jpeg,glass_shatter,Toyota,"Camry, RAV4",replace,520
1406,image/1406.jpeg,tail_lamp,Mercedes,C-Class,repair,212
1407,image/1407.jpeg,unknown,Toyota,Corolla,none,45
1408,image/1408.jpeg,head_lamp,Honda,CR-V,repair,246
1409,image/1409.jpeg,unknown,Ford,Focus,none,43
1410,image/1410.jpeg,unknown,Ford,Focus,none,6
1411,image/1411.jpeg,door_dent,Honda,CR-V,repair,64
1412,image/1412.jpeg,unknown,Toyota,"Camry, RAV4",none,41
1413,image/1413.jpeg,door_scratch,Toyota,"Camry, RAV4",repair,107
1414,image/1414.jpeg,bumper_dent,Toyota,Corolla,repair,61
1415,image/1415.jpeg,bumper_dent,Hyundai,Tucson,repair,81
1416,image/1416.jpeg,bumper_dent,Ford,Fusion,repair,76
1417,image/1417.jpeg,unknown,Toyota,"Camry, RAV4",none,25
1418,image/1418.jpeg,door_dent,Toyota,Corolla,repair,152
1419,image/1419.jpeg,door_dent,Honda,CR-V,repair,108
1420,image/1420.jpeg,unknown,Nissan,Sentra,none,7
1421,image/1421.jpeg,unknown,Honda,Accord,none,47
1422,image/1422.jpeg,unknown,Hyundai,Elantra,none,14
1423,image/1423.jpeg,unknown,Mercedes,C-Class,none,13
1424,image/1424.jpeg,bumper_dent,Toyota,"Camry, RAV4",repair,199
1425,image/1425.jpeg,tail_lamp,Toyota,"Camry, RAV4",repair,162
1426,image/1426.jpeg,unknown,Honda,Civic,none,33
1427,image/1427.jpeg,tail_lamp,Honda,CR-V,replace,567
1428,image/1428.jpeg,unknown,Toyota,Corolla,none,14
1429,image/1429.jpeg,door_dent,Hyundai,Elantra,repair,107
1430,image/1430.jpeg,tail_lamp,Toyota,Corolla,repair,246
1431,image/1431.jpeg,bumper_scratch,Mercedes,E-Class,repair,181
1432,image/1432.jpeg,door_scratch,Toyota,Corolla,repair,179
1433,image/1433.jpeg,unknown,Ford,Fusion,none,12
1434,image/1434.jpeg,door_dent,Ford,Escape,repair,197
1435,image/1435.jpeg,unknown,Mercedes,E-Class,none,0
1436,image/1436.jpeg,door_dent,Ford,Focus,repair,80
1437,image/1437.jpeg,bumper_scratch,Toyota,"Camry, RAV4",repair,126
1438,image/1438.jpeg,door_scratch,Toyota,"Camry, RAV4",repair,251
1439,image/1439.jpeg,door_dent,Toyota,Corolla,repair,176
1440,image/1440.jpeg,unknown,Hyundai,Sonata,none,8
1441,image/1441.jpeg,unknown,Ford,Focus,none,22
1442,image/1442.jpeg,glass_shatter,Toyota,"Camry, RAV4",repair,451
1443,image/1443.jpeg,unknown,Mercedes,E-Class,none,15
1444,image/1444.jpeg,head_lamp,Hyundai,Sonata,repair,371
1445,image/1445.jpeg,tail_lamp,Hyundai,Sonata,repair,252
1446,image/1446.jpeg,tail_lamp,Honda,Accord,repair,191
1447,image/1447.jpeg,head_lamp,Honda,CR-V,repair,298
1448,image/1448.jpeg,glass_shatter,BMW,X5,repair,490
1449,image/1449.jpeg,door_scratch,Honda,CR-V,repair,223
1450,image/1450.jpeg,door_scratch,Toyota,Corolla,repair,183
1451,image/1451.jpeg,glass_shatter,Honda,Civic,replace,662
1452,image/1452.jpeg,head_lamp,Toyota,"Camry, RAV4",repair,321
1453,image/1453.jpeg,door_dent,Toyota,Corolla,repair,96
1454,image/1454.jpeg,unknown,Nissan,Altima,none,47
1455,image/1455.jpeg,unknown,Honda,Civic,none,7
1456,image/1456.jpeg,unknown,BMW,X5,none,24
1457,image/1457.jpeg,door_scratch,Toyota,Corolla,repair,137
1458,image/1458.jpeg,glass_shatter,Ford,Escape,repair,529
1459,image/1459.jpeg,door_dent,Hyundai,Elantra,repair,100
1460,image/1460.jpeg,door_scratch,Honda,Accord,repair,129
1461,image/1461.jpeg,unknown,Honda,Civic,none,18
1462,image/1462.jpeg,door_dent,Hyundai,Tucson,repair,96
1463,image/1463.jpeg,head_lamp,Nissan,Rogue,replace,464
1464,image/1464.jpeg,unknown,BMW,5 Series,none,28
1465,image/1465.jpeg,head_lamp,Toyota,Corolla,repair,158
1466,image/1466.jpeg,head_lamp,Toyota,"Camry, RAV4",replace,754
1467,image/1467.jpeg,unknown,Nissan,Sentra,none,14
1468,image/1468.jpeg,head_lamp,Honda,Accord,replace,498
1469,image/1469.jpeg,head_lamp,Honda,Civic,replace,443
1470,image/1470.jpeg,unknown,Ford,Escape,none,13
1471,image/1471.jpeg,unknown,Mercedes,E-Class,none,10
1472,image/1472.jpeg,head_lamp,Toyota,"Camry, RAV4",repair,327
1473,image/1473.jpeg,glass_shatter,Ford,Fusion,replace,571
1474,image/1474.jpeg,unknown,Nissan,Rogue,none,23
1475,image/1475.jpeg,bumper_dent,Hyundai,Tucson,repair,132
1476,image/1476.jpeg,tail_lamp,Toyota,Corolla,replace,260
1477,image/1477.jpeg,unknown,Toyota,Corolla,none,15
1478,image/1478.jpeg,bumper_dent,Nissan,Altima,repair,77
1479,image/1479.jpeg,unknown,Toyota,"Camry, RAV4",none,12
1480,image/1480.jpeg,unknown,Toyota,"Camry, RAV4",none,48
1481,image/1481.jpeg,door_scratch,Toyota,Corolla,repair,112
1482,image/1482.jpeg,tail_lamp,Toyota,Corolla,replace,158
1483,image/1483.jpeg,unknown,Toyota,"Camry, RAV4",none,12
1484,image/1484.jpeg,door_dent,Mercedes,E-Class,repair,182
1485,image/1485.jpeg,door_dent,Toyota,"Camry, RAV4",repair,82
1486,image/1486.jpeg,unknown,Honda,CR-V,none,2
1487,image/1487.jpeg,unknown,Nissan,Altima,none,0
1488,image/1488.jpeg,unknown,Honda,Accord,none,28
1489,image/1489.jpeg,unknown,Hyundai,Sonata,none,31
1490,image/1490.jpeg,glass_shatter,Toyota,"Camry, RAV4",replace,331
1491,image/1491.jpeg,unknown,Toyota,"Camry, RAV4",none,0
1492,image/1492.jpeg,unknown,Nissan,Rogue,none,31
1493,image/1493.jpeg,head_lamp,Toyota,Corolla,repair,264
1494,image/1494.jpeg,unknown,Hyundai,Sonata,none,5
1495,image/1495.jpeg,door_scratch,Toyota,"Camry, RAV4",repair,158
1496,image/1496.jpeg,unknown,Ford,Escape,none,31
1497,image/1497.jpeg,bumper_scratch,Nissan,Rogue,repair,122
1498,image/1498.jpeg,head_lamp,Mercedes,E-Class,repair,330
1499,image/1499.jpeg,door_scratch,Hyundai,Elantra,repair,331
1500,image/1500.jpeg,bumper_scratch,Toyota,"Camry, RAV4",repair,56
1501,image/1501.jpeg,door_dent,Ford,Fusion,repair,166
1502,image/1502.jpeg,tail_lamp,Toyota,Corolla,repair,297
1503,image/1503.jpeg,tail_lamp,Toyota,Corolla,replace,624
1504,image/1504.jpeg,tail_lamp,Ford,Fusion,replace,220
1505,image/1505.jpeg,unknown,Hyundai,Elantra,none,21
1506,image/1506.jpeg,door_scratch,Hyundai,Sonata,repair,135
1507,image/1507.jpeg,unknown,Toyota,Corolla,none,28
1508,image/1508.jpeg,glass_shatter,Toyota,Corolla,replace,485
1509,image/1509.jpeg,unknown,Mercedes,C-Class,none,39
1510,image/1510.jpeg,unknown,Honda,Civic,none,17
1511,image/1511.jpeg,glass_shatter,Honda,Accord,repair,447
1512,image/27.jpeg,bumper_scratch,Honda,Accord,repair,116
1513,image/56.jpeg,bumper_scratch,Hyundai,Sonata,repair,129
1514,image/90.jpeg,bumper_scratch,Toyota,"Camry, RAV4",repair,101
1515,image/102.jpeg,bumper_scratch,Toyota,"Camry, RAV4",repair,146
1516,image/137.jpeg,bumper_scratch,BMW,X5,repair,61
1517,image/140.jpeg,bumper_scratch,BMW,X5,repair,57
1518,image/172.jpeg,bumper_scratch,Mercedes,E-Class,repair,106
1519,image/175.jpeg,bumper_scratch,Toyota,"Camry, RAV4",repair,61
1520,image/207.jpeg,bumper_scratch,Toyota,"Camry, RAV4",repair,165
1521,image/223.jpeg,bumper_scratch,Toyota,"Camry, RAV4",repair,179
1522,image/232.jpeg,bumper_scratch,Honda,CR-V,repair,61
1523,image/244.jpeg,bumper_scratch,Honda,Civic,repair,157
1524,image/260.jpeg,bumper_scratch,Nissan,Altima,repair,119
1525,image/263.jpeg,bumper_scratch,Honda,Civic,repair,109
1526,image/267.jpeg,bumper_scratch,Nissan,Sentra,repair,152
1527,image/292.jpeg,bumper_scratch,BMW,3 Series,repair,86
1528,image/295.jpeg,bumper_scratch,Mercedes,E-Class,repair,154
1529,image/296.jpeg,bumper_scratch,Honda,CR-V,repair,181
1530,image/306.jpeg,bumper_scratch,Toyota,Corolla,repair,66
1531,image/327.jpeg,bumper_scratch,Toyota,Corolla,repair,64
1532,image/340.jpeg,bumper_scratch,Hyundai,Tucson,repair,138
1533,image/393.jpeg,bumper_scratch,Hyundai,Tucson,repair,120
1534,image/410.jpeg,bumper_scratch,Toyota,"Camry, RAV4",repair,174
1535,image/414.jpeg,bumper_scratch,BMW,X5,repair,126
1536,image/436.jpeg,bumper_scratch,Toyota,"Camry, RAV4",repair,54
1537,image/439.jpeg,bumper_scratch,BMW,X5,repair,133
1538,image/476.jpeg,bumper_scratch,Ford,Fusion,repair,130
1539,image/499.jpeg,bumper_scratch,Nissan,Sentra,repair,154
1540,image/508.jpeg,bumper_scratch,Toyota,Corolla,repair,71
1541,image/535.jpeg,bumper_scratch,Mercedes,C-Class,repair,178
1542,image/573.jpeg,bumper_scratch,Ford,Fusion,repair,152
1543,image/575.jpeg,bumper_scratch,Toyota,Corolla,repair,101
1544,image/589.jpeg,bumper_scratch,Toyota,Corolla,repair,196
1545,image/607.jpeg,bumper_scratch,Toyota,"Camry, RAV4",repair,129
1546,image/618.jpeg,bumper_scratch,BMW,3 Series,repair,135
1547,image/627.jpeg,bumper_scratch,Nissan,Altima,repair,198
1548,image/631.jpeg,bumper_scratch,Hyundai,Elantra,repair,51
1549,image/648.jpeg,bumper_scratch,BMW,X5,repair,106
1550,image/714.jpeg,bumper_scratch,Ford,Escape,repair,123
1551,image/728.jpeg,bumper_scratch,Honda,CR-V,repair,199
1552,image/736.jpeg,bumper_scratch,Toyota,Corolla,repair,135
1553,image/748.jpeg,bumper_scratch,Honda,Civic,repair,157
1554,image/758.jpeg,bumper_scratch,Honda,Civic,repair,174
1555,image/764.jpeg,bumper_scratch,Honda,Accord,repair,93
1556,image/776.jpeg,bumper_scratch,Honda,CR-V,repair,161
1557,image/781.jpeg,bumper_scratch,Toyota,Corolla,repair,196
1558,image/784.jpeg,bumper_scratch,Toyota,"Camry, RAV4",repair,61
1559,image/785.jpeg,bumper_scratch,Honda,Accord,repair,140
1560,image/813.jpeg,bumper_scratch,Ford,Focus,repair,186
1561,image/816.jpeg,bumper_scratch,Hyundai,Sonata,repair,85
1562,image/818.jpeg,bumper_scratch,Hyundai,Elantra,repair,189
1563,image/866.jpeg,bumper_scratch,Nissan,Altima,repair,69
1564,image/875.jpeg,bumper_scratch,Nissan,Rogue,repair,94
1565,image/907.jpeg,bumper_scratch,Nissan,Altima,repair,132
1566,image/920.jpeg,bumper_scratch,Toyota,"Camry, RAV4",repair,98
1567,image/934.jpeg,bumper_scratch,Honda,Accord,repair,152
1568,image/958.jpeg,bumper_scratch,Nissan,Rogue,repair,172
1569,image/959.jpeg,bumper_scratch,Hyundai,Sonata,repair,139
1570,image/960.jpeg,bumper_scratch,Toyota,Corolla,repair,64
1571,image/969.jpeg,bumper_scratch,Honda,Accord,repair,183
1572,image/1008.jpeg,bumper_scratch,Hyundai,Tucson,repair,126
1573,image/1025.jpeg,bumper_scratch,Toyota,"Camry, RAV4",repair,86
1574,image/1065.jpeg,bumper_scratch,Toyota,"Camry, RAV4",repair,98
1575,image/1134.jpeg,bumper_scratch,Ford,Focus,repair,185
1576,image/1152.jpeg,bumper_scratch,Honda,CR-V,repair,74
1577,image/1185.jpeg,bumper_scratch,Honda,Accord,repair,61
1578,image/1229.jpeg,bumper_scratch,Mercedes,GLC,repair,76
1579,image/1235.jpeg,bumper_scratch,Hyundai,Elantra,repair,50
1580,image/1248.jpeg,bumper_scratch,BMW,3 Series,repair,145
1581,image/1277.jpeg,bumper_scratch,Toyota,Corolla,repair,53
1582,image/1308.jpeg,bumper_scratch,Nissan,Rogue,repair,137
1583,image/1310.jpeg,bumper_scratch,Toyota,"Camry, RAV4",repair,132
1584,image/1336.jpeg,bumper_scratch,Ford,Focus,repair,197
1585,image/1339.jpeg,bumper_scratch,Honda,CR-V,repair,119
1586,image/1355.jpeg,bumper_scratch,Hyundai,Sonata,repair,192
1587,image/1366.jpeg,bumper_scratch,Honda,Accord,repair,91
1588,image/1392.jpeg,bumper_scratch,Nissan,Altima,repair,119
1589,image/1399.jpeg,bumper_scratch,Nissan,Sentra,repair,64
1590,image/1431.jpeg,bumper_scratch,Honda,Accord,repair,160
1591,image/1437.jpeg,bumper_scratch,Honda,Civic,repair,64
1592,image/1497.jpeg,bumper_scratch,Honda,CR-V,repair,69
1593,image/1500.jpeg,bumper_scratch,Nissan,Rogue,repair,87
